Project,Package,Module,Class,Smell,Method,Line no,File,Description
flask_app,flask_app,auth,,Empty catch block,require_auth,32,/Users/jashwanthnaidu/ASDC project/group01/flask_app/auth.py,Empty catch block found in require_auth.
flask_app,flask_app,auth,,Empty catch block,require_auth,34,/Users/jashwanthnaidu/ASDC project/group01/flask_app/auth.py,Empty catch block found in require_auth.
flask_app,flask_app,auth,,Long statement,require_auth,8,/Users/jashwanthnaidu/ASDC project/group01/flask_app/auth.py,A line with 358 chars in require_auth exceeds the maximum length of 120 characters.
flask_app,flask_app,auth,,Magic number,require_auth,26,/Users/jashwanthnaidu/ASDC project/group01/flask_app/auth.py,Magic number 401 used in require_auth.
flask_app,flask_app,auth,,Magic number,require_auth,33,/Users/jashwanthnaidu/ASDC project/group01/flask_app/auth.py,Magic number 401 used in require_auth.
flask_app,flask_app,auth,,Magic number,require_auth,35,/Users/jashwanthnaidu/ASDC project/group01/flask_app/auth.py,Magic number 401 used in require_auth.
flask_app,flask_app,booking,,Empty catch block,get_ticket_id_from_token,81,/Users/jashwanthnaidu/ASDC project/group01/flask_app/booking.py,Empty catch block found in get_ticket_id_from_token.
flask_app,flask_app,booking,,Empty catch block,get_ticket_id_from_token,83,/Users/jashwanthnaidu/ASDC project/group01/flask_app/booking.py,Empty catch block found in get_ticket_id_from_token.
flask_app,flask_app,booking,,Empty catch block,list_bookings,524,/Users/jashwanthnaidu/ASDC project/group01/flask_app/booking.py,Empty catch block found in list_bookings.
flask_app,flask_app,booking,,Long method,get_user_bookings,89 - 175,/Users/jashwanthnaidu/ASDC project/group01/flask_app/booking.py,Method 'get_user_bookings' is too long (86 lines).
flask_app,flask_app,booking,,Long method,create_booking,178 - 342,/Users/jashwanthnaidu/ASDC project/group01/flask_app/booking.py,Method 'create_booking' is too long (164 lines).
flask_app,flask_app,booking,,Long method,cancel_booking,345 - 452,/Users/jashwanthnaidu/ASDC project/group01/flask_app/booking.py,Method 'cancel_booking' is too long (107 lines).
flask_app,flask_app,booking,,Long statement,get_user_bookings,95,/Users/jashwanthnaidu/ASDC project/group01/flask_app/booking.py,A line with 1030 chars in get_user_bookings exceeds the maximum length of 120 characters.
flask_app,flask_app,booking,,Long statement,get_user_bookings,137,/Users/jashwanthnaidu/ASDC project/group01/flask_app/booking.py,A line with 808 chars in get_user_bookings exceeds the maximum length of 120 characters.
flask_app,flask_app,booking,,Long statement,create_booking,194,/Users/jashwanthnaidu/ASDC project/group01/flask_app/booking.py,A line with 152 chars in create_booking exceeds the maximum length of 120 characters.
flask_app,flask_app,booking,,Long statement,create_booking,238,/Users/jashwanthnaidu/ASDC project/group01/flask_app/booking.py,A line with 144 chars in create_booking exceeds the maximum length of 120 characters.
flask_app,flask_app,booking,,Long statement,create_booking,256,/Users/jashwanthnaidu/ASDC project/group01/flask_app/booking.py,A line with 121 chars in create_booking exceeds the maximum length of 120 characters.
flask_app,flask_app,booking,,Long statement,create_booking,277,/Users/jashwanthnaidu/ASDC project/group01/flask_app/booking.py,A line with 386 chars in create_booking exceeds the maximum length of 120 characters.
flask_app,flask_app,booking,,Long statement,create_booking,293,/Users/jashwanthnaidu/ASDC project/group01/flask_app/booking.py,A line with 129 chars in create_booking exceeds the maximum length of 120 characters.
flask_app,flask_app,booking,,Long statement,create_booking,303,/Users/jashwanthnaidu/ASDC project/group01/flask_app/booking.py,A line with 694 chars in create_booking exceeds the maximum length of 120 characters.
flask_app,flask_app,booking,,Long statement,cancel_booking,422,/Users/jashwanthnaidu/ASDC project/group01/flask_app/booking.py,A line with 129 chars in cancel_booking exceeds the maximum length of 120 characters.
flask_app,flask_app,booking,,Long statement,cancel_booking,431,/Users/jashwanthnaidu/ASDC project/group01/flask_app/booking.py,A line with 293 chars in cancel_booking exceeds the maximum length of 120 characters.
flask_app,flask_app,booking,,Long statement,expire_old_bookings,463,/Users/jashwanthnaidu/ASDC project/group01/flask_app/booking.py,A line with 142 chars in expire_old_bookings exceeds the maximum length of 120 characters.
flask_app,flask_app,booking,,Long statement,expire_old_bookings,487,/Users/jashwanthnaidu/ASDC project/group01/flask_app/booking.py,A line with 129 chars in expire_old_bookings exceeds the maximum length of 120 characters.
flask_app,flask_app,booking,,Long statement,create_booking_route,563,/Users/jashwanthnaidu/ASDC project/group01/flask_app/booking.py,A line with 132 chars in create_booking_route exceeds the maximum length of 120 characters.
flask_app,flask_app,booking,,Long statement,,1,/Users/jashwanthnaidu/ASDC project/group01/flask_app/booking.py,A line with 146 chars in booking exceeds the maximum length of 120 characters.
flask_app,flask_app,booking,,Magic number,get_availability_status,45,/Users/jashwanthnaidu/ASDC project/group01/flask_app/booking.py,Magic number 5 used in get_availability_status.
flask_app,flask_app,booking,,Magic number,create_booking,186,/Users/jashwanthnaidu/ASDC project/group01/flask_app/booking.py,Magic number 3 used in create_booking.
flask_app,flask_app,booking,,Magic number,list_bookings,531,/Users/jashwanthnaidu/ASDC project/group01/flask_app/booking.py,Magic number 200 used in list_bookings.
flask_app,flask_app,booking,,Magic number,list_bookings,533,/Users/jashwanthnaidu/ASDC project/group01/flask_app/booking.py,Magic number 500 used in list_bookings.
flask_app,flask_app,booking,,Magic number,list_bookings,521,/Users/jashwanthnaidu/ASDC project/group01/flask_app/booking.py,Magic number 401 used in list_bookings.
flask_app,flask_app,booking,,Magic number,list_bookings,525,/Users/jashwanthnaidu/ASDC project/group01/flask_app/booking.py,Magic number 400 used in list_bookings.
flask_app,flask_app,booking,,Magic number,create_booking_route,574,/Users/jashwanthnaidu/ASDC project/group01/flask_app/booking.py,Magic number 400 used in create_booking_route.
flask_app,flask_app,booking,,Magic number,create_booking_route,553,/Users/jashwanthnaidu/ASDC project/group01/flask_app/booking.py,Magic number 400 used in create_booking_route.
flask_app,flask_app,booking,,Magic number,create_booking_route,561,/Users/jashwanthnaidu/ASDC project/group01/flask_app/booking.py,Magic number 400 used in create_booking_route.
flask_app,flask_app,booking,,Magic number,create_booking_route,572,/Users/jashwanthnaidu/ASDC project/group01/flask_app/booking.py,Magic number 201 used in create_booking_route.
flask_app,flask_app,booking,,Magic number,create_booking_route,576,/Users/jashwanthnaidu/ASDC project/group01/flask_app/booking.py,Magic number 404 used in create_booking_route.
flask_app,flask_app,booking,,Magic number,create_booking_route,547,/Users/jashwanthnaidu/ASDC project/group01/flask_app/booking.py,Magic number 401 used in create_booking_route.
flask_app,flask_app,booking,,Magic number,cancel_booking_route,599,/Users/jashwanthnaidu/ASDC project/group01/flask_app/booking.py,Magic number 400 used in cancel_booking_route.
flask_app,flask_app,booking,,Magic number,cancel_booking_route,597,/Users/jashwanthnaidu/ASDC project/group01/flask_app/booking.py,Magic number 200 used in cancel_booking_route.
flask_app,flask_app,booking,,Magic number,cancel_booking_route,601,/Users/jashwanthnaidu/ASDC project/group01/flask_app/booking.py,Magic number 404 used in cancel_booking_route.
flask_app,flask_app,booking,,Magic number,cancel_booking_route,591,/Users/jashwanthnaidu/ASDC project/group01/flask_app/booking.py,Magic number 401 used in cancel_booking_route.
flask_app,flask_app,booking,,Magic number,cancel_booking_route,603,/Users/jashwanthnaidu/ASDC project/group01/flask_app/booking.py,Magic number 403 used in cancel_booking_route.
flask_app,flask_app,test_db_connection,,Long statement,,18,/Users/jashwanthnaidu/ASDC project/group01/flask_app/test_db_connection.py,A line with 239 chars in test_db_connection exceeds the maximum length of 120 characters.
flask_app,flask_app,app,,Long statement,get_db_connection,38,/Users/jashwanthnaidu/ASDC project/group01/flask_app/app.py,A line with 236 chars in get_db_connection exceeds the maximum length of 120 characters.
flask_app,flask_app,app,,Long statement,check_db_for_ticket,91,/Users/jashwanthnaidu/ASDC project/group01/flask_app/app.py,A line with 180 chars in check_db_for_ticket exceeds the maximum length of 120 characters.
flask_app,flask_app,app,,Long statement,get_all_flights,150,/Users/jashwanthnaidu/ASDC project/group01/flask_app/app.py,A line with 762 chars in get_all_flights exceeds the maximum length of 120 characters.
flask_app,flask_app,app,,Long statement,get_all_flights,192,/Users/jashwanthnaidu/ASDC project/group01/flask_app/app.py,A line with 343 chars in get_all_flights exceeds the maximum length of 120 characters.
flask_app,flask_app,app,,Long statement,get_flight_by_id,221,/Users/jashwanthnaidu/ASDC project/group01/flask_app/app.py,A line with 127 chars in get_flight_by_id exceeds the maximum length of 120 characters.
flask_app,flask_app,app,,Long statement,get_arrivals,256,/Users/jashwanthnaidu/ASDC project/group01/flask_app/app.py,A line with 816 chars in get_arrivals exceeds the maximum length of 120 characters.
flask_app,flask_app,app,,Long statement,get_arrivals,294,/Users/jashwanthnaidu/ASDC project/group01/flask_app/app.py,A line with 381 chars in get_arrivals exceeds the maximum length of 120 characters.
flask_app,flask_app,app,,Long statement,get_departures,316,/Users/jashwanthnaidu/ASDC project/group01/flask_app/app.py,A line with 798 chars in get_departures exceeds the maximum length of 120 characters.
flask_app,flask_app,app,,Long statement,get_departures,353,/Users/jashwanthnaidu/ASDC project/group01/flask_app/app.py,A line with 355 chars in get_departures exceeds the maximum length of 120 characters.
flask_app,flask_app,app,,Long statement,save_subscription,393,/Users/jashwanthnaidu/ASDC project/group01/flask_app/app.py,A line with 168 chars in save_subscription exceeds the maximum length of 120 characters.
flask_app,flask_app,app,,Magic number,send_notification,67,/Users/jashwanthnaidu/ASDC project/group01/flask_app/app.py,Magic number 400 used in send_notification.
flask_app,flask_app,app,,Magic number,send_notification,65,/Users/jashwanthnaidu/ASDC project/group01/flask_app/app.py,Magic number 200 used in send_notification.
flask_app,flask_app,app,,Magic number,send_notification,60,/Users/jashwanthnaidu/ASDC project/group01/flask_app/app.py,Magic number 200 used in send_notification.
flask_app,flask_app,app,,Magic number,send_notification,60,/Users/jashwanthnaidu/ASDC project/group01/flask_app/app.py,Magic number 500 used in send_notification.
flask_app,flask_app,app,,Magic number,check_empty,78,/Users/jashwanthnaidu/ASDC project/group01/flask_app/app.py,Magic number 400 used in check_empty.
flask_app,flask_app,app,,Magic number,check_empty,84,/Users/jashwanthnaidu/ASDC project/group01/flask_app/app.py,Magic number 400 used in check_empty.
flask_app,flask_app,app,,Magic number,login,127,/Users/jashwanthnaidu/ASDC project/group01/flask_app/app.py,Magic number 401 used in login.
flask_app,flask_app,app,,Magic number,login,126,/Users/jashwanthnaidu/ASDC project/group01/flask_app/app.py,Magic number 200 used in login.
flask_app,flask_app,app,,Magic number,protected_test,133,/Users/jashwanthnaidu/ASDC project/group01/flask_app/app.py,Magic number 200 used in protected_test.
flask_app,flask_app,app,,Magic number,get_flights,139,/Users/jashwanthnaidu/ASDC project/group01/flask_app/app.py,Magic number 200 used in get_flights.
flask_app,flask_app,app,,Magic number,get_all_flights,184,/Users/jashwanthnaidu/ASDC project/group01/flask_app/app.py,Magic number 5 used in get_all_flights.
flask_app,flask_app,app,,Magic number,get_all_flights,189,/Users/jashwanthnaidu/ASDC project/group01/flask_app/app.py,Magic number 6 used in get_all_flights.
flask_app,flask_app,app,,Magic number,get_all_flights,185,/Users/jashwanthnaidu/ASDC project/group01/flask_app/app.py,Magic number 5 used in get_all_flights.
flask_app,flask_app,app,,Magic number,get_all_flights,190,/Users/jashwanthnaidu/ASDC project/group01/flask_app/app.py,Magic number 5 used in get_all_flights.
flask_app,flask_app,app,,Magic number,get_flight_details,215,/Users/jashwanthnaidu/ASDC project/group01/flask_app/app.py,Magic number 404 used in get_flight_details.
flask_app,flask_app,app,,Magic number,get_flight_details,214,/Users/jashwanthnaidu/ASDC project/group01/flask_app/app.py,Magic number 200 used in get_flight_details.
flask_app,flask_app,app,,Magic number,get_flight_by_id,235,/Users/jashwanthnaidu/ASDC project/group01/flask_app/app.py,Magic number 2 used in get_flight_by_id.
flask_app,flask_app,app,,Magic number,get_flight_by_id,236,/Users/jashwanthnaidu/ASDC project/group01/flask_app/app.py,Magic number 3 used in get_flight_by_id.
flask_app,flask_app,app,,Magic number,arrivals,243,/Users/jashwanthnaidu/ASDC project/group01/flask_app/app.py,Magic number 200 used in arrivals.
flask_app,flask_app,app,,Magic number,departures,248,/Users/jashwanthnaidu/ASDC project/group01/flask_app/app.py,Magic number 200 used in departures.
flask_app,flask_app,app,,Magic number,get_arrivals,291,/Users/jashwanthnaidu/ASDC project/group01/flask_app/app.py,Magic number 6 used in get_arrivals.
flask_app,flask_app,app,,Magic number,get_arrivals,292,/Users/jashwanthnaidu/ASDC project/group01/flask_app/app.py,Magic number 5 used in get_arrivals.
flask_app,flask_app,app,,Magic number,get_departures,350,/Users/jashwanthnaidu/ASDC project/group01/flask_app/app.py,Magic number 9 used in get_departures.
flask_app,flask_app,app,,Magic number,get_departures,351,/Users/jashwanthnaidu/ASDC project/group01/flask_app/app.py,Magic number 5 used in get_departures.
flask_app,flask_app,app,,Magic number,subscribe,383,/Users/jashwanthnaidu/ASDC project/group01/flask_app/app.py,Magic number 200 used in subscribe.
flask_app,flask_app,app,,Magic number,subscribe,379,/Users/jashwanthnaidu/ASDC project/group01/flask_app/app.py,Magic number 400 used in subscribe.
flask_app,flask_app,__init__ ,,Long statement,,7,/Users/jashwanthnaidu/ASDC project/group01/flask_app/__init__ .py,A line with 125 chars in __init__  exceeds the maximum length of 120 characters.
flask_app,flask_app,shop,,Complex method,get_shops,15 - 175,/Users/jashwanthnaidu/ASDC project/group01/flask_app/shop.py,"Method 'get_shops' has a cyclomatic complexity of 29, exceeding the max of 6."
flask_app,flask_app,shop,,Complex method,get_shop_by_id,179 - 329,/Users/jashwanthnaidu/ASDC project/group01/flask_app/shop.py,"Method 'get_shop_by_id' has a cyclomatic complexity of 16, exceeding the max of 6."
flask_app,flask_app,shop,,Complex method,get_shop_hours,332 - 404,/Users/jashwanthnaidu/ASDC project/group01/flask_app/shop.py,"Method 'get_shop_hours' has a cyclomatic complexity of 7, exceeding the max of 6."
flask_app,flask_app,shop,,Complex method,get_shop_items,515 - 629,/Users/jashwanthnaidu/ASDC project/group01/flask_app/shop.py,"Method 'get_shop_items' has a cyclomatic complexity of 14, exceeding the max of 6."
flask_app,flask_app,shop,,Complex method,list_shop_items,813 - 853,/Users/jashwanthnaidu/ASDC project/group01/flask_app/shop.py,"Method 'list_shop_items' has a cyclomatic complexity of 9, exceeding the max of 6."
flask_app,flask_app,shop,,Long method,get_shops,15 - 175,/Users/jashwanthnaidu/ASDC project/group01/flask_app/shop.py,Method 'get_shops' is too long (161 lines).
flask_app,flask_app,shop,,Long method,get_shop_by_id,179 - 329,/Users/jashwanthnaidu/ASDC project/group01/flask_app/shop.py,Method 'get_shop_by_id' is too long (150 lines).
flask_app,flask_app,shop,,Long method,get_shop_hours,332 - 404,/Users/jashwanthnaidu/ASDC project/group01/flask_app/shop.py,Method 'get_shop_hours' is too long (72 lines).
flask_app,flask_app,shop,,Long method,get_shop_catalog,442 - 512,/Users/jashwanthnaidu/ASDC project/group01/flask_app/shop.py,Method 'get_shop_catalog' is too long (70 lines).
flask_app,flask_app,shop,,Long method,get_shop_items,515 - 629,/Users/jashwanthnaidu/ASDC project/group01/flask_app/shop.py,Method 'get_shop_items' is too long (113 lines).
flask_app,flask_app,shop,,Long method,get_item_by_id,632 - 700,/Users/jashwanthnaidu/ASDC project/group01/flask_app/shop.py,Method 'get_item_by_id' is too long (68 lines).
flask_app,flask_app,shop,,Long parameter list,get_shop_items,515 - 629,/Users/jashwanthnaidu/ASDC project/group01/flask_app/shop.py,"get_shop_items has 7 parameters, exceeding the max of 5."
flask_app,flask_app,shop,,Long statement,get_shops,53,/Users/jashwanthnaidu/ASDC project/group01/flask_app/shop.py,A line with 497 chars in get_shops exceeds the maximum length of 120 characters.
flask_app,flask_app,shop,,Long statement,get_shops,136,/Users/jashwanthnaidu/ASDC project/group01/flask_app/shop.py,A line with 162 chars in get_shops exceeds the maximum length of 120 characters.
flask_app,flask_app,shop,,Long statement,get_shop_by_id,186,/Users/jashwanthnaidu/ASDC project/group01/flask_app/shop.py,A line with 171 chars in get_shop_by_id exceeds the maximum length of 120 characters.
flask_app,flask_app,shop,,Long statement,get_shop_by_id,205,/Users/jashwanthnaidu/ASDC project/group01/flask_app/shop.py,A line with 161 chars in get_shop_by_id exceeds the maximum length of 120 characters.
flask_app,flask_app,shop,,Long statement,get_shop_by_id,268,/Users/jashwanthnaidu/ASDC project/group01/flask_app/shop.py,A line with 188 chars in get_shop_by_id exceeds the maximum length of 120 characters.
flask_app,flask_app,shop,,Long statement,get_shop_by_id,281,/Users/jashwanthnaidu/ASDC project/group01/flask_app/shop.py,A line with 393 chars in get_shop_by_id exceeds the maximum length of 120 characters.
flask_app,flask_app,shop,,Long statement,get_shop_by_id,290,/Users/jashwanthnaidu/ASDC project/group01/flask_app/shop.py,A line with 242 chars in get_shop_by_id exceeds the maximum length of 120 characters.
flask_app,flask_app,shop,,Long statement,get_shop_by_id,302,/Users/jashwanthnaidu/ASDC project/group01/flask_app/shop.py,A line with 434 chars in get_shop_by_id exceeds the maximum length of 120 characters.
flask_app,flask_app,shop,,Long statement,get_shop_by_id,313,/Users/jashwanthnaidu/ASDC project/group01/flask_app/shop.py,A line with 253 chars in get_shop_by_id exceeds the maximum length of 120 characters.
flask_app,flask_app,shop,,Long statement,get_shop_hours,351,/Users/jashwanthnaidu/ASDC project/group01/flask_app/shop.py,A line with 188 chars in get_shop_hours exceeds the maximum length of 120 characters.
flask_app,flask_app,shop,,Long statement,get_shop_hours,364,/Users/jashwanthnaidu/ASDC project/group01/flask_app/shop.py,A line with 393 chars in get_shop_hours exceeds the maximum length of 120 characters.
flask_app,flask_app,shop,,Long statement,get_shop_hours,373,/Users/jashwanthnaidu/ASDC project/group01/flask_app/shop.py,A line with 220 chars in get_shop_hours exceeds the maximum length of 120 characters.
flask_app,flask_app,shop,,Long statement,get_shop_hours,385,/Users/jashwanthnaidu/ASDC project/group01/flask_app/shop.py,A line with 434 chars in get_shop_hours exceeds the maximum length of 120 characters.
flask_app,flask_app,shop,,Long statement,get_shop_categories,413,/Users/jashwanthnaidu/ASDC project/group01/flask_app/shop.py,A line with 154 chars in get_shop_categories exceeds the maximum length of 120 characters.
flask_app,flask_app,shop,,Long statement,get_shop_catalog,461,/Users/jashwanthnaidu/ASDC project/group01/flask_app/shop.py,A line with 269 chars in get_shop_catalog exceeds the maximum length of 120 characters.
flask_app,flask_app,shop,,Long statement,get_shop_catalog,480,/Users/jashwanthnaidu/ASDC project/group01/flask_app/shop.py,A line with 229 chars in get_shop_catalog exceeds the maximum length of 120 characters.
flask_app,flask_app,shop,,Long statement,get_shop_items,574,/Users/jashwanthnaidu/ASDC project/group01/flask_app/shop.py,A line with 198 chars in get_shop_items exceeds the maximum length of 120 characters.
flask_app,flask_app,shop,,Long statement,get_shop_items,587,/Users/jashwanthnaidu/ASDC project/group01/flask_app/shop.py,A line with 229 chars in get_shop_items exceeds the maximum length of 120 characters.
flask_app,flask_app,shop,,Long statement,get_shop_items,600,/Users/jashwanthnaidu/ASDC project/group01/flask_app/shop.py,A line with 207 chars in get_shop_items exceeds the maximum length of 120 characters.
flask_app,flask_app,shop,,Long statement,get_shop_items,607,/Users/jashwanthnaidu/ASDC project/group01/flask_app/shop.py,A line with 257 chars in get_shop_items exceeds the maximum length of 120 characters.
flask_app,flask_app,shop,,Long statement,get_item_by_id,639,/Users/jashwanthnaidu/ASDC project/group01/flask_app/shop.py,A line with 135 chars in get_item_by_id exceeds the maximum length of 120 characters.
flask_app,flask_app,shop,,Long statement,get_item_by_id,655,/Users/jashwanthnaidu/ASDC project/group01/flask_app/shop.py,A line with 209 chars in get_item_by_id exceeds the maximum length of 120 characters.
flask_app,flask_app,shop,,Long statement,get_item_by_id,670,/Users/jashwanthnaidu/ASDC project/group01/flask_app/shop.py,A line with 161 chars in get_item_by_id exceeds the maximum length of 120 characters.
flask_app,flask_app,shop,,Long statement,get_item_by_id,679,/Users/jashwanthnaidu/ASDC project/group01/flask_app/shop.py,A line with 157 chars in get_item_by_id exceeds the maximum length of 120 characters.
flask_app,flask_app,shop,,Long statement,get_item_by_id,690,/Users/jashwanthnaidu/ASDC project/group01/flask_app/shop.py,A line with 194 chars in get_item_by_id exceeds the maximum length of 120 characters.
flask_app,flask_app,shop,,Long statement,get_shop_item_categories,722,/Users/jashwanthnaidu/ASDC project/group01/flask_app/shop.py,A line with 452 chars in get_shop_item_categories exceeds the maximum length of 120 characters.
flask_app,flask_app,shop,,Long statement,list_shop_items,848,/Users/jashwanthnaidu/ASDC project/group01/flask_app/shop.py,A line with 152 chars in list_shop_items exceeds the maximum length of 120 characters.
flask_app,flask_app,shop,,Long statement,,1,/Users/jashwanthnaidu/ASDC project/group01/flask_app/shop.py,A line with 128 chars in shop exceeds the maximum length of 120 characters.
flask_app,flask_app,shop,,Magic number,get_shops,129,/Users/jashwanthnaidu/ASDC project/group01/flask_app/shop.py,Magic number 5 used in get_shops.
flask_app,flask_app,shop,,Magic number,get_shops,130,/Users/jashwanthnaidu/ASDC project/group01/flask_app/shop.py,Magic number 5 used in get_shops.
flask_app,flask_app,shop,,Magic number,get_shop_by_id,231,/Users/jashwanthnaidu/ASDC project/group01/flask_app/shop.py,Magic number 24 used in get_shop_by_id.
flask_app,flask_app,shop,,Magic number,get_shop_by_id,232,/Users/jashwanthnaidu/ASDC project/group01/flask_app/shop.py,Magic number 60 used in get_shop_by_id.
flask_app,flask_app,shop,,Magic number,get_shop_by_id,233,/Users/jashwanthnaidu/ASDC project/group01/flask_app/shop.py,Magic number 60 used in get_shop_by_id.
flask_app,flask_app,shop,,Magic number,get_shop_by_id,243,/Users/jashwanthnaidu/ASDC project/group01/flask_app/shop.py,Magic number 24 used in get_shop_by_id.
flask_app,flask_app,shop,,Magic number,get_shop_by_id,244,/Users/jashwanthnaidu/ASDC project/group01/flask_app/shop.py,Magic number 60 used in get_shop_by_id.
flask_app,flask_app,shop,,Magic number,get_shop_by_id,245,/Users/jashwanthnaidu/ASDC project/group01/flask_app/shop.py,Magic number 60 used in get_shop_by_id.
flask_app,flask_app,shop,,Magic number,get_shop_by_id,258,/Users/jashwanthnaidu/ASDC project/group01/flask_app/shop.py,Magic number 5 used in get_shop_by_id.
flask_app,flask_app,shop,,Magic number,get_shop_by_id,259,/Users/jashwanthnaidu/ASDC project/group01/flask_app/shop.py,Magic number 5 used in get_shop_by_id.
flask_app,flask_app,shop,,Magic number,get_shop_by_id,231,/Users/jashwanthnaidu/ASDC project/group01/flask_app/shop.py,Magic number 3600 used in get_shop_by_id.
flask_app,flask_app,shop,,Magic number,get_shop_by_id,232,/Users/jashwanthnaidu/ASDC project/group01/flask_app/shop.py,Magic number 3600 used in get_shop_by_id.
flask_app,flask_app,shop,,Magic number,get_shop_by_id,243,/Users/jashwanthnaidu/ASDC project/group01/flask_app/shop.py,Magic number 3600 used in get_shop_by_id.
flask_app,flask_app,shop,,Magic number,get_shop_by_id,244,/Users/jashwanthnaidu/ASDC project/group01/flask_app/shop.py,Magic number 3600 used in get_shop_by_id.
flask_app,flask_app,shop,,Magic number,get_shop_by_id,262,/Users/jashwanthnaidu/ASDC project/group01/flask_app/shop.py,Magic number 5 used in get_shop_by_id.
flask_app,flask_app,shop,,Magic number,get_shop_by_id,262,/Users/jashwanthnaidu/ASDC project/group01/flask_app/shop.py,Magic number 5 used in get_shop_by_id.
flask_app,flask_app,shop,,Magic number,get_shop_by_id,261,/Users/jashwanthnaidu/ASDC project/group01/flask_app/shop.py,Magic number 5 used in get_shop_by_id.
flask_app,flask_app,shop,,Magic number,list_shops,772,/Users/jashwanthnaidu/ASDC project/group01/flask_app/shop.py,Magic number 200 used in list_shops.
flask_app,flask_app,shop,,Magic number,get_shop_details,781,/Users/jashwanthnaidu/ASDC project/group01/flask_app/shop.py,Magic number 200 used in get_shop_details.
flask_app,flask_app,shop,,Magic number,get_shop_details,780,/Users/jashwanthnaidu/ASDC project/group01/flask_app/shop.py,Magic number 404 used in get_shop_details.
flask_app,flask_app,shop,,Magic number,get_shop_hours_route,790,/Users/jashwanthnaidu/ASDC project/group01/flask_app/shop.py,Magic number 200 used in get_shop_hours_route.
flask_app,flask_app,shop,,Magic number,get_shop_hours_route,789,/Users/jashwanthnaidu/ASDC project/group01/flask_app/shop.py,Magic number 404 used in get_shop_hours_route.
flask_app,flask_app,shop,,Magic number,list_shop_categories,797,/Users/jashwanthnaidu/ASDC project/group01/flask_app/shop.py,Magic number 200 used in list_shop_categories.
flask_app,flask_app,shop,,Magic number,get_shop_catalog_route,809,/Users/jashwanthnaidu/ASDC project/group01/flask_app/shop.py,Magic number 200 used in get_shop_catalog_route.
flask_app,flask_app,shop,,Magic number,get_shop_catalog_route,808,/Users/jashwanthnaidu/ASDC project/group01/flask_app/shop.py,Magic number 404 used in get_shop_catalog_route.
flask_app,flask_app,shop,,Magic number,list_shop_items,853,/Users/jashwanthnaidu/ASDC project/group01/flask_app/shop.py,Magic number 200 used in list_shop_items.
flask_app,flask_app,shop,,Magic number,list_shop_items,852,/Users/jashwanthnaidu/ASDC project/group01/flask_app/shop.py,Magic number 404 used in list_shop_items.
flask_app,flask_app,shop,,Magic number,list_shop_items,839,/Users/jashwanthnaidu/ASDC project/group01/flask_app/shop.py,Magic number 400 used in list_shop_items.
flask_app,flask_app,shop,,Magic number,get_item_details,862,/Users/jashwanthnaidu/ASDC project/group01/flask_app/shop.py,Magic number 200 used in get_item_details.
flask_app,flask_app,shop,,Magic number,get_item_details,861,/Users/jashwanthnaidu/ASDC project/group01/flask_app/shop.py,Magic number 404 used in get_item_details.
flask_app,flask_app,shop,,Magic number,list_shop_item_categories,871,/Users/jashwanthnaidu/ASDC project/group01/flask_app/shop.py,Magic number 200 used in list_shop_item_categories.
flask_app,flask_app,shop,,Magic number,list_shop_item_categories,870,/Users/jashwanthnaidu/ASDC project/group01/flask_app/shop.py,Magic number 404 used in list_shop_item_categories.
flask_app,flask_app.tests,test_bookings,TestCreateBookingAPI,Long lambda function,test_create_booking_success,168,/Users/jashwanthnaidu/ASDC project/group01/flask_app/tests/test_bookings.py,A Lambda with 81 chars in test_create_booking_success exceeds the maximum length of 80 characters.
flask_app,flask_app.tests,test_bookings,TestCreateBookingAPI,Long lambda function,test_create_booking_invalid_quantity,191,/Users/jashwanthnaidu/ASDC project/group01/flask_app/tests/test_bookings.py,A Lambda with 81 chars in test_create_booking_invalid_quantity exceeds the maximum length of 80 characters.
flask_app,flask_app.tests,test_bookings,TestCreateBookingAPI,Long lambda function,test_create_booking_out_of_stock,213,/Users/jashwanthnaidu/ASDC project/group01/flask_app/tests/test_bookings.py,A Lambda with 81 chars in test_create_booking_out_of_stock exceeds the maximum length of 80 characters.
flask_app,flask_app.tests,test_bookings,TestCreateBookingAPI,Long lambda function,test_create_booking_item_not_found,235,/Users/jashwanthnaidu/ASDC project/group01/flask_app/tests/test_bookings.py,A Lambda with 81 chars in test_create_booking_item_not_found exceeds the maximum length of 80 characters.
flask_app,flask_app.tests,test_bookings,TestCreateBookingAPI,Long lambda function,test_create_booking_already_reserved,256,/Users/jashwanthnaidu/ASDC project/group01/flask_app/tests/test_bookings.py,A Lambda with 81 chars in test_create_booking_already_reserved exceeds the maximum length of 80 characters.
flask_app,flask_app.tests,test_bookings,TestBookingHelpers,Long identifier,test_generate_pickup_code_length,13,/Users/jashwanthnaidu/ASDC project/group01/flask_app/tests/test_bookings.py,Identifier'test_generate_pickup_code_length' exceeds the maximum length of 30 characters.
flask_app,flask_app.tests,test_bookings,TestBookingHelpers,Long identifier,test_generate_pickup_code_alphanumeric,19,/Users/jashwanthnaidu/ASDC project/group01/flask_app/tests/test_bookings.py,Identifier'test_generate_pickup_code_alphanumeric' exceeds the maximum length of 30 characters.
flask_app,flask_app.tests,test_bookings,TestBookingHelpers,Long identifier,test_calculate_total_price_base_only,27,/Users/jashwanthnaidu/ASDC project/group01/flask_app/tests/test_bookings.py,Identifier'test_calculate_total_price_base_only' exceeds the maximum length of 30 characters.
flask_app,flask_app.tests,test_bookings,TestBookingHelpers,Long identifier,test_calculate_total_price_with_variants,33,/Users/jashwanthnaidu/ASDC project/group01/flask_app/tests/test_bookings.py,Identifier'test_calculate_total_price_with_variants' exceeds the maximum length of 30 characters.
flask_app,flask_app.tests,test_bookings,TestBookingHelpers,Long identifier,test_calculate_total_price_empty_variants,42,/Users/jashwanthnaidu/ASDC project/group01/flask_app/tests/test_bookings.py,Identifier'test_calculate_total_price_empty_variants' exceeds the maximum length of 30 characters.
flask_app,flask_app.tests,test_bookings,TestBookingHelpers,Long identifier,test_get_availability_status_in_stock,48,/Users/jashwanthnaidu/ASDC project/group01/flask_app/tests/test_bookings.py,Identifier'test_get_availability_status_in_stock' exceeds the maximum length of 30 characters.
flask_app,flask_app.tests,test_bookings,TestBookingHelpers,Long identifier,test_get_availability_status_low_stock,54,/Users/jashwanthnaidu/ASDC project/group01/flask_app/tests/test_bookings.py,Identifier'test_get_availability_status_low_stock' exceeds the maximum length of 30 characters.
flask_app,flask_app.tests,test_bookings,TestBookingHelpers,Long identifier,test_get_availability_status_out_of_stock,60,/Users/jashwanthnaidu/ASDC project/group01/flask_app/tests/test_bookings.py,Identifier'test_get_availability_status_out_of_stock' exceeds the maximum length of 30 characters.
flask_app,flask_app.tests,test_bookings,TestGetBookingsAPI,Long identifier,test_get_bookings_requires_user_id,70,/Users/jashwanthnaidu/ASDC project/group01/flask_app/tests/test_bookings.py,Identifier'test_get_bookings_requires_user_id' exceeds the maximum length of 30 characters.
flask_app,flask_app.tests,test_bookings,TestGetBookingsAPI,Long identifier,test_get_bookings_invalid_user_id,76,/Users/jashwanthnaidu/ASDC project/group01/flask_app/tests/test_bookings.py,Identifier'test_get_bookings_invalid_user_id' exceeds the maximum length of 30 characters.
flask_app,flask_app.tests,test_bookings,TestGetBookingsAPI,Long identifier,test_get_bookings_filter_by_status,108,/Users/jashwanthnaidu/ASDC project/group01/flask_app/tests/test_bookings.py,Identifier'test_get_bookings_filter_by_status' exceeds the maximum length of 30 characters.
flask_app,flask_app.tests,test_bookings,TestCreateBookingAPI,Long identifier,test_create_booking_requires_body,132,/Users/jashwanthnaidu/ASDC project/group01/flask_app/tests/test_bookings.py,Identifier'test_create_booking_requires_body' exceeds the maximum length of 30 characters.
flask_app,flask_app.tests,test_bookings,TestCreateBookingAPI,Long identifier,test_create_booking_requires_user_id,137,/Users/jashwanthnaidu/ASDC project/group01/flask_app/tests/test_bookings.py,Identifier'test_create_booking_requires_user_id' exceeds the maximum length of 30 characters.
flask_app,flask_app.tests,test_bookings,TestCreateBookingAPI,Long identifier,test_create_booking_requires_item_and_shop,143,/Users/jashwanthnaidu/ASDC project/group01/flask_app/tests/test_bookings.py,Identifier'test_create_booking_requires_item_and_shop' exceeds the maximum length of 30 characters.
flask_app,flask_app.tests,test_bookings,TestCreateBookingAPI,Long identifier,test_create_booking_invalid_quantity,181,/Users/jashwanthnaidu/ASDC project/group01/flask_app/tests/test_bookings.py,Identifier'test_create_booking_invalid_quantity' exceeds the maximum length of 30 characters.
flask_app,flask_app.tests,test_bookings,TestCreateBookingAPI,Long identifier,test_create_booking_out_of_stock,203,/Users/jashwanthnaidu/ASDC project/group01/flask_app/tests/test_bookings.py,Identifier'test_create_booking_out_of_stock' exceeds the maximum length of 30 characters.
flask_app,flask_app.tests,test_bookings,TestCreateBookingAPI,Long identifier,test_create_booking_item_not_found,225,/Users/jashwanthnaidu/ASDC project/group01/flask_app/tests/test_bookings.py,Identifier'test_create_booking_item_not_found' exceeds the maximum length of 30 characters.
flask_app,flask_app.tests,test_bookings,TestCreateBookingAPI,Long identifier,test_create_booking_already_reserved,246,/Users/jashwanthnaidu/ASDC project/group01/flask_app/tests/test_bookings.py,Identifier'test_create_booking_already_reserved' exceeds the maximum length of 30 characters.
flask_app,flask_app.tests,test_bookings,TestCancelBookingAPI,Long identifier,test_cancel_booking_requires_user_id,272,/Users/jashwanthnaidu/ASDC project/group01/flask_app/tests/test_bookings.py,Identifier'test_cancel_booking_requires_user_id' exceeds the maximum length of 30 characters.
flask_app,flask_app.tests,test_bookings,TestCancelBookingAPI,Long identifier,test_cancel_booking_already_cancelled,329,/Users/jashwanthnaidu/ASDC project/group01/flask_app/tests/test_bookings.py,Identifier'test_cancel_booking_already_cancelled' exceeds the maximum length of 30 characters.
flask_app,flask_app.tests,test_bookings,TestCreateBookingAPI,Long statement,test_create_booking_success,167,/Users/jashwanthnaidu/ASDC project/group01/flask_app/tests/test_bookings.py,A line with 129 chars in test_create_booking_success exceeds the maximum length of 120 characters.
flask_app,flask_app.tests,test_bookings,TestCreateBookingAPI,Long statement,test_create_booking_invalid_quantity,190,/Users/jashwanthnaidu/ASDC project/group01/flask_app/tests/test_bookings.py,A line with 129 chars in test_create_booking_invalid_quantity exceeds the maximum length of 120 characters.
flask_app,flask_app.tests,test_bookings,TestCreateBookingAPI,Long statement,test_create_booking_out_of_stock,212,/Users/jashwanthnaidu/ASDC project/group01/flask_app/tests/test_bookings.py,A line with 129 chars in test_create_booking_out_of_stock exceeds the maximum length of 120 characters.
flask_app,flask_app.tests,test_bookings,TestCreateBookingAPI,Long statement,test_create_booking_item_not_found,234,/Users/jashwanthnaidu/ASDC project/group01/flask_app/tests/test_bookings.py,A line with 129 chars in test_create_booking_item_not_found exceeds the maximum length of 120 characters.
flask_app,flask_app.tests,test_bookings,TestCreateBookingAPI,Long statement,test_create_booking_already_reserved,255,/Users/jashwanthnaidu/ASDC project/group01/flask_app/tests/test_bookings.py,A line with 129 chars in test_create_booking_already_reserved exceeds the maximum length of 120 characters.
flask_app,flask_app.tests,test_bookings,TestBookingHelpers,Magic number,test_generate_pickup_code_length,17,/Users/jashwanthnaidu/ASDC project/group01/flask_app/tests/test_bookings.py,Magic number 6 used in test_generate_pickup_code_length.
flask_app,flask_app.tests,test_bookings,TestBookingHelpers,Magic number,test_calculate_total_price_base_only,31,/Users/jashwanthnaidu/ASDC project/group01/flask_app/tests/test_bookings.py,Magic number 200.0 used in test_calculate_total_price_base_only.
flask_app,flask_app.tests,test_bookings,TestBookingHelpers,Magic number,test_calculate_total_price_with_variants,40,/Users/jashwanthnaidu/ASDC project/group01/flask_app/tests/test_bookings.py,Magic number 220.0 used in test_calculate_total_price_with_variants.
flask_app,flask_app.tests,test_bookings,TestBookingHelpers,Magic number,test_calculate_total_price_with_variants,37,/Users/jashwanthnaidu/ASDC project/group01/flask_app/tests/test_bookings.py,Magic number 10.0 used in test_calculate_total_price_with_variants.
flask_app,flask_app.tests,test_bookings,TestBookingHelpers,Magic number,test_calculate_total_price_empty_variants,46,/Users/jashwanthnaidu/ASDC project/group01/flask_app/tests/test_bookings.py,Magic number 150.0 used in test_calculate_total_price_empty_variants.
flask_app,flask_app.tests,test_bookings,TestGetBookingsAPI,Magic number,test_get_bookings_requires_user_id,73,/Users/jashwanthnaidu/ASDC project/group01/flask_app/tests/test_bookings.py,Magic number 401 used in test_get_bookings_requires_user_id.
flask_app,flask_app.tests,test_bookings,TestGetBookingsAPI,Magic number,test_get_bookings_invalid_user_id,79,/Users/jashwanthnaidu/ASDC project/group01/flask_app/tests/test_bookings.py,Magic number 400 used in test_get_bookings_invalid_user_id.
flask_app,flask_app.tests,test_bookings,TestGetBookingsAPI,Magic number,test_get_bookings_success,104,/Users/jashwanthnaidu/ASDC project/group01/flask_app/tests/test_bookings.py,Magic number 200 used in test_get_bookings_success.
flask_app,flask_app.tests,test_bookings,TestGetBookingsAPI,Magic number,test_get_bookings_success,93,/Users/jashwanthnaidu/ASDC project/group01/flask_app/tests/test_bookings.py,Magic number 165.0 used in test_get_bookings_success.
flask_app,flask_app.tests,test_bookings,TestGetBookingsAPI,Magic number,test_get_bookings_filter_by_status,126,/Users/jashwanthnaidu/ASDC project/group01/flask_app/tests/test_bookings.py,Magic number 200 used in test_get_bookings_filter_by_status.
flask_app,flask_app.tests,test_bookings,TestCreateBookingAPI,Magic number,test_create_booking_requires_body,135,/Users/jashwanthnaidu/ASDC project/group01/flask_app/tests/test_bookings.py,Magic number 400 used in test_create_booking_requires_body.
flask_app,flask_app.tests,test_bookings,TestCreateBookingAPI,Magic number,test_create_booking_requires_user_id,141,/Users/jashwanthnaidu/ASDC project/group01/flask_app/tests/test_bookings.py,Magic number 401 used in test_create_booking_requires_user_id.
flask_app,flask_app.tests,test_bookings,TestCreateBookingAPI,Magic number,test_create_booking_requires_item_and_shop,147,/Users/jashwanthnaidu/ASDC project/group01/flask_app/tests/test_bookings.py,Magic number 400 used in test_create_booking_requires_item_and_shop.
flask_app,flask_app.tests,test_bookings,TestCreateBookingAPI,Magic number,test_create_booking_success,177,/Users/jashwanthnaidu/ASDC project/group01/flask_app/tests/test_bookings.py,Magic number 201 used in test_create_booking_success.
flask_app,flask_app.tests,test_bookings,TestCreateBookingAPI,Magic number,test_create_booking_success,159,/Users/jashwanthnaidu/ASDC project/group01/flask_app/tests/test_bookings.py,Magic number 2 used in test_create_booking_success.
flask_app,flask_app.tests,test_bookings,TestCreateBookingAPI,Magic number,test_create_booking_success,160,/Users/jashwanthnaidu/ASDC project/group01/flask_app/tests/test_bookings.py,Magic number 330.0 used in test_create_booking_success.
flask_app,flask_app.tests,test_bookings,TestCreateBookingAPI,Magic number,test_create_booking_invalid_quantity,200,/Users/jashwanthnaidu/ASDC project/group01/flask_app/tests/test_bookings.py,Magic number 400 used in test_create_booking_invalid_quantity.
flask_app,flask_app.tests,test_bookings,TestCreateBookingAPI,Magic number,test_create_booking_out_of_stock,222,/Users/jashwanthnaidu/ASDC project/group01/flask_app/tests/test_bookings.py,Magic number 400 used in test_create_booking_out_of_stock.
flask_app,flask_app.tests,test_bookings,TestCreateBookingAPI,Magic number,test_create_booking_item_not_found,244,/Users/jashwanthnaidu/ASDC project/group01/flask_app/tests/test_bookings.py,Magic number 404 used in test_create_booking_item_not_found.
flask_app,flask_app.tests,test_bookings,TestCreateBookingAPI,Magic number,test_create_booking_already_reserved,265,/Users/jashwanthnaidu/ASDC project/group01/flask_app/tests/test_bookings.py,Magic number 400 used in test_create_booking_already_reserved.
flask_app,flask_app.tests,test_bookings,TestCancelBookingAPI,Magic number,test_cancel_booking_requires_user_id,275,/Users/jashwanthnaidu/ASDC project/group01/flask_app/tests/test_bookings.py,Magic number 401 used in test_cancel_booking_requires_user_id.
flask_app,flask_app.tests,test_bookings,TestCancelBookingAPI,Magic number,test_cancel_booking_success,294,/Users/jashwanthnaidu/ASDC project/group01/flask_app/tests/test_bookings.py,Magic number 200 used in test_cancel_booking_success.
flask_app,flask_app.tests,test_bookings,TestCancelBookingAPI,Magic number,test_cancel_booking_not_found,311,/Users/jashwanthnaidu/ASDC project/group01/flask_app/tests/test_bookings.py,Magic number 404 used in test_cancel_booking_not_found.
flask_app,flask_app.tests,test_bookings,TestCancelBookingAPI,Magic number,test_cancel_booking_forbidden,327,/Users/jashwanthnaidu/ASDC project/group01/flask_app/tests/test_bookings.py,Magic number 403 used in test_cancel_booking_forbidden.
flask_app,flask_app.tests,test_bookings,TestCancelBookingAPI,Magic number,test_cancel_booking_already_cancelled,343,/Users/jashwanthnaidu/ASDC project/group01/flask_app/tests/test_bookings.py,Magic number 400 used in test_cancel_booking_already_cancelled.
flask_app,flask_app.tests,test_flights,,Long statement,test_get_flights_returns_list,2,/Users/jashwanthnaidu/ASDC project/group01/flask_app/tests/test_flights.py,A line with 169 chars in test_get_flights_returns_list exceeds the maximum length of 120 characters.
flask_app,flask_app.tests,test_flights,,Magic number,test_get_flights_returns_list,15,/Users/jashwanthnaidu/ASDC project/group01/flask_app/tests/test_flights.py,Magic number 200 used in test_get_flights_returns_list.
flask_app,flask_app.tests,test_shopping_component,TestProductImages,Long identifier,test_get_shop_items_includes_image_url,15,/Users/jashwanthnaidu/ASDC project/group01/flask_app/tests/test_shopping_component.py,Identifier'test_get_shop_items_includes_image_url' exceeds the maximum length of 30 characters.
flask_app,flask_app.tests,test_shopping_component,TestProductImages,Long identifier,test_get_shop_items_image_url_can_be_none,41,/Users/jashwanthnaidu/ASDC project/group01/flask_app/tests/test_shopping_component.py,Identifier'test_get_shop_items_image_url_can_be_none' exceeds the maximum length of 30 characters.
flask_app,flask_app.tests,test_shopping_component,TestProductVariants,Long identifier,test_get_shop_items_includes_variants,71,/Users/jashwanthnaidu/ASDC project/group01/flask_app/tests/test_shopping_component.py,Identifier'test_get_shop_items_includes_variants' exceeds the maximum length of 30 characters.
flask_app,flask_app.tests,test_shopping_component,TestProductVariants,Long identifier,test_variant_has_required_fields,113,/Users/jashwanthnaidu/ASDC project/group01/flask_app/tests/test_shopping_component.py,Identifier'test_variant_has_required_fields' exceeds the maximum length of 30 characters.
flask_app,flask_app.tests,test_shopping_component,TestProductVariants,Long identifier,test_variant_final_price_calculation,148,/Users/jashwanthnaidu/ASDC project/group01/flask_app/tests/test_shopping_component.py,Identifier'test_variant_final_price_calculation' exceeds the maximum length of 30 characters.
flask_app,flask_app.tests,test_shopping_component,TestProductVariants,Long identifier,test_items_without_variants_have_empty_array,157,/Users/jashwanthnaidu/ASDC project/group01/flask_app/tests/test_shopping_component.py,Identifier'test_items_without_variants_have_empty_array' exceeds the maximum length of 30 characters.
flask_app,flask_app.tests,test_shopping_component,TestStockQuantity,Long identifier,test_get_shop_items_includes_stock_quantity,187,/Users/jashwanthnaidu/ASDC project/group01/flask_app/tests/test_shopping_component.py,Identifier'test_get_shop_items_includes_stock_quantity' exceeds the maximum length of 30 characters.
flask_app,flask_app.tests,test_shopping_component,TestHalifaxTimezone,Long identifier,test_halifax_timezone_constant_exists,240,/Users/jashwanthnaidu/ASDC project/group01/flask_app/tests/test_shopping_component.py,Identifier'test_halifax_timezone_constant_exists' exceeds the maximum length of 30 characters.
flask_app,flask_app.tests,test_shopping_component,TestHalifaxTimezone,Long identifier,test_shop_status_uses_halifax_timezone,246,/Users/jashwanthnaidu/ASDC project/group01/flask_app/tests/test_shopping_component.py,Identifier'test_shop_status_uses_halifax_timezone' exceeds the maximum length of 30 characters.
flask_app,flask_app.tests,test_shopping_component,TestHalifaxTimezone,Long identifier,test_get_shops_returns_is_open_field,253,/Users/jashwanthnaidu/ASDC project/group01/flask_app/tests/test_shopping_component.py,Identifier'test_get_shops_returns_is_open_field' exceeds the maximum length of 30 characters.
flask_app,flask_app.tests,test_shopping_component,TestTimeParsing,Long identifier,test_parse_time_with_trailing_colon,313,/Users/jashwanthnaidu/ASDC project/group01/flask_app/tests/test_shopping_component.py,Identifier'test_parse_time_with_trailing_colon' exceeds the maximum length of 30 characters.
flask_app,flask_app.tests,test_shopping_component,TestTimeParsing,Long identifier,test_time_comparison_open_hours,322,/Users/jashwanthnaidu/ASDC project/group01/flask_app/tests/test_shopping_component.py,Identifier'test_time_comparison_open_hours' exceeds the maximum length of 30 characters.
flask_app,flask_app.tests,test_shopping_component,TestShopStatusText,Long identifier,test_status_opens_at_when_closed,374,/Users/jashwanthnaidu/ASDC project/group01/flask_app/tests/test_shopping_component.py,Identifier'test_status_opens_at_when_closed' exceeds the maximum length of 30 characters.
flask_app,flask_app.tests,test_shopping_component,TestShopStatusText,Long identifier,test_next_change_shows_close_time_when_open,402,/Users/jashwanthnaidu/ASDC project/group01/flask_app/tests/test_shopping_component.py,Identifier'test_next_change_shows_close_time_when_open' exceeds the maximum length of 30 characters.
flask_app,flask_app.tests,test_shopping_component,TestShopStatusText,Long identifier,test_next_change_shows_open_time_when_closed,430,/Users/jashwanthnaidu/ASDC project/group01/flask_app/tests/test_shopping_component.py,Identifier'test_next_change_shows_open_time_when_closed' exceeds the maximum length of 30 characters.
flask_app,flask_app.tests,test_shopping_component,TestBookingWithVariants,Long identifier,test_create_booking_with_variants_calculates_price,462,/Users/jashwanthnaidu/ASDC project/group01/flask_app/tests/test_shopping_component.py,Identifier'test_create_booking_with_variants_calculates_price' exceeds the maximum length of 30 characters.
flask_app,flask_app.tests,test_shopping_component,TestBookingWithVariants,Long identifier,test_create_booking_with_multiple_quantity_and_variants,476,/Users/jashwanthnaidu/ASDC project/group01/flask_app/tests/test_shopping_component.py,Identifier'test_create_booking_with_multiple_quantity_and_variants' exceeds the maximum length of 30 characters.
flask_app,flask_app.tests,test_shopping_component,TestBookingWithVariants,Long identifier,test_create_booking_with_positive_price_adjustment,490,/Users/jashwanthnaidu/ASDC project/group01/flask_app/tests/test_shopping_component.py,Identifier'test_create_booking_with_positive_price_adjustment' exceeds the maximum length of 30 characters.
flask_app,flask_app.tests,test_shopping_component,,Long statement,,1,/Users/jashwanthnaidu/ASDC project/group01/flask_app/tests/test_shopping_component.py,A line with 177 chars in test_shopping_component exceeds the maximum length of 120 characters.
flask_app,flask_app.tests,test_shopping_component,TestProductImages,Magic number,test_get_shop_items_includes_image_url,36,/Users/jashwanthnaidu/ASDC project/group01/flask_app/tests/test_shopping_component.py,Magic number 200 used in test_get_shop_items_includes_image_url.
flask_app,flask_app.tests,test_shopping_component,TestProductImages,Magic number,test_get_shop_items_includes_image_url,22,/Users/jashwanthnaidu/ASDC project/group01/flask_app/tests/test_shopping_component.py,Magic number 2.99 used in test_get_shop_items_includes_image_url.
flask_app,flask_app.tests,test_shopping_component,TestProductImages,Magic number,test_get_shop_items_includes_image_url,24,/Users/jashwanthnaidu/ASDC project/group01/flask_app/tests/test_shopping_component.py,Magic number 50 used in test_get_shop_items_includes_image_url.
flask_app,flask_app.tests,test_shopping_component,TestProductImages,Magic number,test_get_shop_items_image_url_can_be_none,62,/Users/jashwanthnaidu/ASDC project/group01/flask_app/tests/test_shopping_component.py,Magic number 200 used in test_get_shop_items_image_url_can_be_none.
flask_app,flask_app.tests,test_shopping_component,TestProductImages,Magic number,test_get_shop_items_image_url_can_be_none,48,/Users/jashwanthnaidu/ASDC project/group01/flask_app/tests/test_shopping_component.py,Magic number 2.99 used in test_get_shop_items_image_url_can_be_none.
flask_app,flask_app.tests,test_shopping_component,TestProductImages,Magic number,test_get_shop_items_image_url_can_be_none,50,/Users/jashwanthnaidu/ASDC project/group01/flask_app/tests/test_shopping_component.py,Magic number 50 used in test_get_shop_items_image_url_can_be_none.
flask_app,flask_app.tests,test_shopping_component,TestProductVariants,Magic number,test_get_shop_items_includes_variants,105,/Users/jashwanthnaidu/ASDC project/group01/flask_app/tests/test_shopping_component.py,Magic number 200 used in test_get_shop_items_includes_variants.
flask_app,flask_app.tests,test_shopping_component,TestProductVariants,Magic number,test_get_shop_items_includes_variants,110,/Users/jashwanthnaidu/ASDC project/group01/flask_app/tests/test_shopping_component.py,Magic number 2 used in test_get_shop_items_includes_variants.
flask_app,flask_app.tests,test_shopping_component,TestProductVariants,Magic number,test_get_shop_items_includes_variants,76,/Users/jashwanthnaidu/ASDC project/group01/flask_app/tests/test_shopping_component.py,Magic number 10 used in test_get_shop_items_includes_variants.
flask_app,flask_app.tests,test_shopping_component,TestProductVariants,Magic number,test_get_shop_items_includes_variants,78,/Users/jashwanthnaidu/ASDC project/group01/flask_app/tests/test_shopping_component.py,Magic number 89.99 used in test_get_shop_items_includes_variants.
flask_app,flask_app.tests,test_shopping_component,TestProductVariants,Magic number,test_get_shop_items_includes_variants,80,/Users/jashwanthnaidu/ASDC project/group01/flask_app/tests/test_shopping_component.py,Magic number 10 used in test_get_shop_items_includes_variants.
flask_app,flask_app.tests,test_shopping_component,TestProductVariants,Magic number,test_get_shop_items_includes_variants,86,/Users/jashwanthnaidu/ASDC project/group01/flask_app/tests/test_shopping_component.py,Magic number 44.99 used in test_get_shop_items_includes_variants.
flask_app,flask_app.tests,test_shopping_component,TestProductVariants,Magic number,test_get_shop_items_includes_variants,92,/Users/jashwanthnaidu/ASDC project/group01/flask_app/tests/test_shopping_component.py,Magic number 89.99 used in test_get_shop_items_includes_variants.
flask_app,flask_app.tests,test_shopping_component,TestProductVariants,Magic number,test_get_shop_items_includes_variants,85,/Users/jashwanthnaidu/ASDC project/group01/flask_app/tests/test_shopping_component.py,Magic number 45.0 used in test_get_shop_items_includes_variants.
flask_app,flask_app.tests,test_shopping_component,TestProductVariants,Magic number,test_variant_has_required_fields,141,/Users/jashwanthnaidu/ASDC project/group01/flask_app/tests/test_shopping_component.py,Magic number 200 used in test_variant_has_required_fields.
flask_app,flask_app.tests,test_shopping_component,TestProductVariants,Magic number,test_variant_has_required_fields,118,/Users/jashwanthnaidu/ASDC project/group01/flask_app/tests/test_shopping_component.py,Magic number 10 used in test_variant_has_required_fields.
flask_app,flask_app.tests,test_shopping_component,TestProductVariants,Magic number,test_variant_has_required_fields,120,/Users/jashwanthnaidu/ASDC project/group01/flask_app/tests/test_shopping_component.py,Magic number 89.99 used in test_variant_has_required_fields.
flask_app,flask_app.tests,test_shopping_component,TestProductVariants,Magic number,test_variant_has_required_fields,122,/Users/jashwanthnaidu/ASDC project/group01/flask_app/tests/test_shopping_component.py,Magic number 10 used in test_variant_has_required_fields.
flask_app,flask_app.tests,test_shopping_component,TestProductVariants,Magic number,test_variant_has_required_fields,128,/Users/jashwanthnaidu/ASDC project/group01/flask_app/tests/test_shopping_component.py,Magic number 44.99 used in test_variant_has_required_fields.
flask_app,flask_app.tests,test_shopping_component,TestProductVariants,Magic number,test_variant_has_required_fields,127,/Users/jashwanthnaidu/ASDC project/group01/flask_app/tests/test_shopping_component.py,Magic number 45.0 used in test_variant_has_required_fields.
flask_app,flask_app.tests,test_shopping_component,TestProductVariants,Magic number,test_variant_final_price_calculation,150,/Users/jashwanthnaidu/ASDC project/group01/flask_app/tests/test_shopping_component.py,Magic number 89.99 used in test_variant_final_price_calculation.
flask_app,flask_app.tests,test_shopping_component,TestProductVariants,Magic number,test_variant_final_price_calculation,152,/Users/jashwanthnaidu/ASDC project/group01/flask_app/tests/test_shopping_component.py,Magic number 44.99 used in test_variant_final_price_calculation.
flask_app,flask_app.tests,test_shopping_component,TestProductVariants,Magic number,test_variant_final_price_calculation,151,/Users/jashwanthnaidu/ASDC project/group01/flask_app/tests/test_shopping_component.py,Magic number 45.0 used in test_variant_final_price_calculation.
flask_app,flask_app.tests,test_shopping_component,TestProductVariants,Magic number,test_items_without_variants_have_empty_array,178,/Users/jashwanthnaidu/ASDC project/group01/flask_app/tests/test_shopping_component.py,Magic number 200 used in test_items_without_variants_have_empty_array.
flask_app,flask_app.tests,test_shopping_component,TestProductVariants,Magic number,test_items_without_variants_have_empty_array,164,/Users/jashwanthnaidu/ASDC project/group01/flask_app/tests/test_shopping_component.py,Magic number 2.99 used in test_items_without_variants_have_empty_array.
flask_app,flask_app.tests,test_shopping_component,TestProductVariants,Magic number,test_items_without_variants_have_empty_array,166,/Users/jashwanthnaidu/ASDC project/group01/flask_app/tests/test_shopping_component.py,Magic number 50 used in test_items_without_variants_have_empty_array.
flask_app,flask_app.tests,test_shopping_component,TestStockQuantity,Magic number,test_get_shop_items_includes_stock_quantity,208,/Users/jashwanthnaidu/ASDC project/group01/flask_app/tests/test_shopping_component.py,Magic number 200 used in test_get_shop_items_includes_stock_quantity.
flask_app,flask_app.tests,test_shopping_component,TestStockQuantity,Magic number,test_get_shop_items_includes_stock_quantity,210,/Users/jashwanthnaidu/ASDC project/group01/flask_app/tests/test_shopping_component.py,Magic number 50 used in test_get_shop_items_includes_stock_quantity.
flask_app,flask_app.tests,test_shopping_component,TestStockQuantity,Magic number,test_get_shop_items_includes_stock_quantity,194,/Users/jashwanthnaidu/ASDC project/group01/flask_app/tests/test_shopping_component.py,Magic number 2.99 used in test_get_shop_items_includes_stock_quantity.
flask_app,flask_app.tests,test_shopping_component,TestStockQuantity,Magic number,test_get_shop_items_includes_stock_quantity,196,/Users/jashwanthnaidu/ASDC project/group01/flask_app/tests/test_shopping_component.py,Magic number 50 used in test_get_shop_items_includes_stock_quantity.
flask_app,flask_app.tests,test_shopping_component,TestStockQuantity,Magic number,test_stock_quantity_is_integer,233,/Users/jashwanthnaidu/ASDC project/group01/flask_app/tests/test_shopping_component.py,Magic number 200 used in test_stock_quantity_is_integer.
flask_app,flask_app.tests,test_shopping_component,TestStockQuantity,Magic number,test_stock_quantity_is_integer,219,/Users/jashwanthnaidu/ASDC project/group01/flask_app/tests/test_shopping_component.py,Magic number 2.99 used in test_stock_quantity_is_integer.
flask_app,flask_app.tests,test_shopping_component,TestStockQuantity,Magic number,test_stock_quantity_is_integer,221,/Users/jashwanthnaidu/ASDC project/group01/flask_app/tests/test_shopping_component.py,Magic number 10 used in test_stock_quantity_is_integer.
flask_app,flask_app.tests,test_shopping_component,TestHalifaxTimezone,Magic number,test_get_shops_returns_is_open_field,277,/Users/jashwanthnaidu/ASDC project/group01/flask_app/tests/test_shopping_component.py,Magic number 200 used in test_get_shops_returns_is_open_field.
flask_app,flask_app.tests,test_shopping_component,TestTimeParsing,Magic number,test_parse_single_digit_hour,292,/Users/jashwanthnaidu/ASDC project/group01/flask_app/tests/test_shopping_component.py,Magic number 6 used in test_parse_single_digit_hour.
flask_app,flask_app.tests,test_shopping_component,TestTimeParsing,Magic number,test_parse_double_digit_hour,301,/Users/jashwanthnaidu/ASDC project/group01/flask_app/tests/test_shopping_component.py,Magic number 6 used in test_parse_double_digit_hour.
flask_app,flask_app.tests,test_shopping_component,TestTimeParsing,Magic number,test_parse_evening_time,310,/Users/jashwanthnaidu/ASDC project/group01/flask_app/tests/test_shopping_component.py,Magic number 22 used in test_parse_evening_time.
flask_app,flask_app.tests,test_shopping_component,TestTimeParsing,Magic number,test_parse_time_with_trailing_colon,319,/Users/jashwanthnaidu/ASDC project/group01/flask_app/tests/test_shopping_component.py,Magic number 6 used in test_parse_time_with_trailing_colon.
flask_app,flask_app.tests,test_shopping_component,TestShopStatusText,Magic number,test_status_open_now,370,/Users/jashwanthnaidu/ASDC project/group01/flask_app/tests/test_shopping_component.py,Magic number 200 used in test_status_open_now.
flask_app,flask_app.tests,test_shopping_component,TestShopStatusText,Magic number,test_status_opens_at_when_closed,398,/Users/jashwanthnaidu/ASDC project/group01/flask_app/tests/test_shopping_component.py,Magic number 200 used in test_status_opens_at_when_closed.
flask_app,flask_app.tests,test_shopping_component,TestShopStatusText,Magic number,test_next_change_shows_close_time_when_open,426,/Users/jashwanthnaidu/ASDC project/group01/flask_app/tests/test_shopping_component.py,Magic number 200 used in test_next_change_shows_close_time_when_open.
flask_app,flask_app.tests,test_shopping_component,TestShopStatusText,Magic number,test_next_change_shows_open_time_when_closed,454,/Users/jashwanthnaidu/ASDC project/group01/flask_app/tests/test_shopping_component.py,Magic number 200 used in test_next_change_shows_open_time_when_closed.
flask_app,flask_app.tests,test_shopping_component,TestBookingWithVariants,Magic number,test_create_booking_with_variants_calculates_price,466,/Users/jashwanthnaidu/ASDC project/group01/flask_app/tests/test_shopping_component.py,Magic number 89.99 used in test_create_booking_with_variants_calculates_price.
flask_app,flask_app.tests,test_shopping_component,TestBookingWithVariants,Magic number,test_create_booking_with_variants_calculates_price,473,/Users/jashwanthnaidu/ASDC project/group01/flask_app/tests/test_shopping_component.py,Magic number 89.99 used in test_create_booking_with_variants_calculates_price.
flask_app,flask_app.tests,test_shopping_component,TestBookingWithVariants,Magic number,test_create_booking_with_variants_calculates_price,473,/Users/jashwanthnaidu/ASDC project/group01/flask_app/tests/test_shopping_component.py,Magic number 45.0 used in test_create_booking_with_variants_calculates_price.
flask_app,flask_app.tests,test_shopping_component,TestBookingWithVariants,Magic number,test_create_booking_with_variants_calculates_price,469,/Users/jashwanthnaidu/ASDC project/group01/flask_app/tests/test_shopping_component.py,Magic number 45.0 used in test_create_booking_with_variants_calculates_price.
flask_app,flask_app.tests,test_shopping_component,TestBookingWithVariants,Magic number,test_create_booking_with_multiple_quantity_and_variants,480,/Users/jashwanthnaidu/ASDC project/group01/flask_app/tests/test_shopping_component.py,Magic number 89.99 used in test_create_booking_with_multiple_quantity_and_variants.
flask_app,flask_app.tests,test_shopping_component,TestBookingWithVariants,Magic number,test_create_booking_with_multiple_quantity_and_variants,481,/Users/jashwanthnaidu/ASDC project/group01/flask_app/tests/test_shopping_component.py,Magic number 2 used in test_create_booking_with_multiple_quantity_and_variants.
flask_app,flask_app.tests,test_shopping_component,TestBookingWithVariants,Magic number,test_create_booking_with_multiple_quantity_and_variants,487,/Users/jashwanthnaidu/ASDC project/group01/flask_app/tests/test_shopping_component.py,Magic number 89.99 used in test_create_booking_with_multiple_quantity_and_variants.
flask_app,flask_app.tests,test_shopping_component,TestBookingWithVariants,Magic number,test_create_booking_with_multiple_quantity_and_variants,487,/Users/jashwanthnaidu/ASDC project/group01/flask_app/tests/test_shopping_component.py,Magic number 2 used in test_create_booking_with_multiple_quantity_and_variants.
flask_app,flask_app.tests,test_shopping_component,TestBookingWithVariants,Magic number,test_create_booking_with_positive_price_adjustment,494,/Users/jashwanthnaidu/ASDC project/group01/flask_app/tests/test_shopping_component.py,Magic number 89.99 used in test_create_booking_with_positive_price_adjustment.
flask_app,flask_app.tests,test_shopping_component,TestBookingWithVariants,Magic number,test_create_booking_with_positive_price_adjustment,501,/Users/jashwanthnaidu/ASDC project/group01/flask_app/tests/test_shopping_component.py,Magic number 89.99 used in test_create_booking_with_positive_price_adjustment.
flask_app,flask_app.tests,test_shopping_component,TestBookingWithVariants,Magic number,test_create_booking_with_positive_price_adjustment,501,/Users/jashwanthnaidu/ASDC project/group01/flask_app/tests/test_shopping_component.py,Magic number 85.0 used in test_create_booking_with_positive_price_adjustment.
flask_app,flask_app.tests,test_shopping_component,TestBookingWithVariants,Magic number,test_create_booking_with_positive_price_adjustment,497,/Users/jashwanthnaidu/ASDC project/group01/flask_app/tests/test_shopping_component.py,Magic number 85.0 used in test_create_booking_with_positive_price_adjustment.
flask_app,flask_app.tests,test_login,,Magic number,test_login_success,10,/Users/jashwanthnaidu/ASDC project/group01/flask_app/tests/test_login.py,Magic number 200 used in test_login_success.
flask_app,flask_app.tests,test_login,,Magic number,test_login_invalid,16,/Users/jashwanthnaidu/ASDC project/group01/flask_app/tests/test_login.py,Magic number 401 used in test_login_invalid.
flask_app,flask_app.tests,test_login,,Magic number,test_login_missing_fields,21,/Users/jashwanthnaidu/ASDC project/group01/flask_app/tests/test_login.py,Magic number 400 used in test_login_missing_fields.
flask_app,flask_app.tests,test_login,,Magic number,test_login_missing_fields,33,/Users/jashwanthnaidu/ASDC project/group01/flask_app/tests/test_login.py,Magic number 400 used in test_login_missing_fields.
flask_app,flask_app.tests,test_login,,Magic number,test_login_returns_valid_token,40,/Users/jashwanthnaidu/ASDC project/group01/flask_app/tests/test_login.py,Magic number 200 used in test_login_returns_valid_token.
flask_app,flask_app.tests,test_login,,Magic number,test_login_uses_db_query,68,/Users/jashwanthnaidu/ASDC project/group01/flask_app/tests/test_login.py,Magic number 200 used in test_login_uses_db_query.
flask_app,flask_app.tests,test_login,,Magic number,test_missing_token_returns_401,76,/Users/jashwanthnaidu/ASDC project/group01/flask_app/tests/test_login.py,Magic number 401 used in test_missing_token_returns_401.
flask_app,flask_app.tests,test_login,,Magic number,test_invalid_token_returns_401,83,/Users/jashwanthnaidu/ASDC project/group01/flask_app/tests/test_login.py,Magic number 401 used in test_invalid_token_returns_401.
flask_app,flask_app.tests,test_login,,Magic number,test_valid_token_allows_access,90,/Users/jashwanthnaidu/ASDC project/group01/flask_app/tests/test_login.py,Magic number 200 used in test_valid_token_allows_access.
flask_app,flask_app.tests,test_arrivals_departures,,Long statement,test_get_arrivals,2,/Users/jashwanthnaidu/ASDC project/group01/flask_app/tests/test_arrivals_departures.py,A line with 202 chars in test_get_arrivals exceeds the maximum length of 120 characters.
flask_app,flask_app.tests,test_arrivals_departures,,Long statement,test_get_departures,19,/Users/jashwanthnaidu/ASDC project/group01/flask_app/tests/test_arrivals_departures.py,A line with 208 chars in test_get_departures exceeds the maximum length of 120 characters.
flask_app,flask_app.tests,test_arrivals_departures,,Magic number,test_get_arrivals,14,/Users/jashwanthnaidu/ASDC project/group01/flask_app/tests/test_arrivals_departures.py,Magic number 200 used in test_get_arrivals.
flask_app,flask_app.tests,test_arrivals_departures,,Magic number,test_get_departures,31,/Users/jashwanthnaidu/ASDC project/group01/flask_app/tests/test_arrivals_departures.py,Magic number 200 used in test_get_departures.
flask_app,flask_app.tests,test_flight_details,,Magic number,test_get_flight_details,18,/Users/jashwanthnaidu/ASDC project/group01/flask_app/tests/test_flight_details.py,Magic number 200 used in test_get_flight_details.
flask_app,flask_app.tests,test_flight_details,,Magic number,test_get_flight_details,11,/Users/jashwanthnaidu/ASDC project/group01/flask_app/tests/test_flight_details.py,Magic number 14 used in test_get_flight_details.
flask_app,flask_app.tests,test_subscribe,,Magic number,test_subscribe_requires_auth,7,/Users/jashwanthnaidu/ASDC project/group01/flask_app/tests/test_subscribe.py,Magic number 401 used in test_subscribe_requires_auth.
flask_app,flask_app.tests,test_subscribe,,Magic number,test_subscribe_success,26,/Users/jashwanthnaidu/ASDC project/group01/flask_app/tests/test_subscribe.py,Magic number 200 used in test_subscribe_success.
flask_app,flask_app.tests,test_shops,,Long identifier,test_get_shops_with_category_filter,51,/Users/jashwanthnaidu/ASDC project/group01/flask_app/tests/test_shops.py,Identifier'test_get_shops_with_category_filter' exceeds the maximum length of 30 characters.
flask_app,flask_app.tests,test_shops,,Long identifier,test_get_shops_with_open_now_filter_true,70,/Users/jashwanthnaidu/ASDC project/group01/flask_app/tests/test_shops.py,Identifier'test_get_shops_with_open_now_filter_true' exceeds the maximum length of 30 characters.
flask_app,flask_app.tests,test_shops,,Long identifier,test_get_shops_with_open_now_filter_false,87,/Users/jashwanthnaidu/ASDC project/group01/flask_app/tests/test_shops.py,Identifier'test_get_shops_with_open_now_filter_false' exceeds the maximum length of 30 characters.
flask_app,flask_app.tests,test_shops,,Long identifier,test_get_shops_with_sorting_name,104,/Users/jashwanthnaidu/ASDC project/group01/flask_app/tests/test_shops.py,Identifier'test_get_shops_with_sorting_name' exceeds the maximum length of 30 characters.
flask_app,flask_app.tests,test_shops,,Long identifier,test_get_shops_with_sorting_status,121,/Users/jashwanthnaidu/ASDC project/group01/flask_app/tests/test_shops.py,Identifier'test_get_shops_with_sorting_status' exceeds the maximum length of 30 characters.
flask_app,flask_app.tests,test_shops,,Long identifier,test_get_shops_with_sorting_gate,138,/Users/jashwanthnaidu/ASDC project/group01/flask_app/tests/test_shops.py,Identifier'test_get_shops_with_sorting_gate' exceeds the maximum length of 30 characters.
flask_app,flask_app.tests,test_shops,,Long identifier,test_get_shops_with_terminal_filter,155,/Users/jashwanthnaidu/ASDC project/group01/flask_app/tests/test_shops.py,Identifier'test_get_shops_with_terminal_filter' exceeds the maximum length of 30 characters.
flask_app,flask_app.tests,test_shops,,Long identifier,test_get_shops_with_gate_filter,172,/Users/jashwanthnaidu/ASDC project/group01/flask_app/tests/test_shops.py,Identifier'test_get_shops_with_gate_filter' exceeds the maximum length of 30 characters.
flask_app,flask_app.tests,test_shops,,Long identifier,test_get_shops_with_multiple_filters,189,/Users/jashwanthnaidu/ASDC project/group01/flask_app/tests/test_shops.py,Identifier'test_get_shops_with_multiple_filters' exceeds the maximum length of 30 characters.
flask_app,flask_app.tests,test_shops,,Long identifier,test_get_shop_catalog_default_include_items,398,/Users/jashwanthnaidu/ASDC project/group01/flask_app/tests/test_shops.py,Identifier'test_get_shop_catalog_default_include_items' exceeds the maximum length of 30 characters.
flask_app,flask_app.tests,test_shops,,Long identifier,test_get_shop_catalog_without_items,416,/Users/jashwanthnaidu/ASDC project/group01/flask_app/tests/test_shops.py,Identifier'test_get_shop_catalog_without_items' exceeds the maximum length of 30 characters.
flask_app,flask_app.tests,test_shops,,Long identifier,test_get_shop_catalog_not_found,434,/Users/jashwanthnaidu/ASDC project/group01/flask_app/tests/test_shops.py,Identifier'test_get_shop_catalog_not_found' exceeds the maximum length of 30 characters.
flask_app,flask_app.tests,test_shops,,Long identifier,test_get_shop_items_with_search,479,/Users/jashwanthnaidu/ASDC project/group01/flask_app/tests/test_shops.py,Identifier'test_get_shop_items_with_search' exceeds the maximum length of 30 characters.
flask_app,flask_app.tests,test_shops,,Long identifier,test_get_shop_items_with_category_id,498,/Users/jashwanthnaidu/ASDC project/group01/flask_app/tests/test_shops.py,Identifier'test_get_shop_items_with_category_id' exceeds the maximum length of 30 characters.
flask_app,flask_app.tests,test_shops,,Long identifier,test_get_shop_items_with_min_price,517,/Users/jashwanthnaidu/ASDC project/group01/flask_app/tests/test_shops.py,Identifier'test_get_shop_items_with_min_price' exceeds the maximum length of 30 characters.
flask_app,flask_app.tests,test_shops,,Long identifier,test_get_shop_items_with_max_price,536,/Users/jashwanthnaidu/ASDC project/group01/flask_app/tests/test_shops.py,Identifier'test_get_shop_items_with_max_price' exceeds the maximum length of 30 characters.
flask_app,flask_app.tests,test_shops,,Long identifier,test_get_shop_items_with_price_range,555,/Users/jashwanthnaidu/ASDC project/group01/flask_app/tests/test_shops.py,Identifier'test_get_shop_items_with_price_range' exceeds the maximum length of 30 characters.
flask_app,flask_app.tests,test_shops,,Long identifier,test_get_shop_items_invalid_price_range,575,/Users/jashwanthnaidu/ASDC project/group01/flask_app/tests/test_shops.py,Identifier'test_get_shop_items_invalid_price_range' exceeds the maximum length of 30 characters.
flask_app,flask_app.tests,test_shops,,Long identifier,test_get_shop_items_invalid_price_range_equal,583,/Users/jashwanthnaidu/ASDC project/group01/flask_app/tests/test_shops.py,Identifier'test_get_shop_items_invalid_price_range_equal' exceeds the maximum length of 30 characters.
flask_app,flask_app.tests,test_shops,,Long identifier,test_get_shop_items_with_availability_in_stock,603,/Users/jashwanthnaidu/ASDC project/group01/flask_app/tests/test_shops.py,Identifier'test_get_shop_items_with_availability_in_stock' exceeds the maximum length of 30 characters.
flask_app,flask_app.tests,test_shops,,Long identifier,test_get_shop_items_with_availability_low_stock,622,/Users/jashwanthnaidu/ASDC project/group01/flask_app/tests/test_shops.py,Identifier'test_get_shop_items_with_availability_low_stock' exceeds the maximum length of 30 characters.
flask_app,flask_app.tests,test_shops,,Long identifier,test_get_shop_items_with_availability_out_of_stock,641,/Users/jashwanthnaidu/ASDC project/group01/flask_app/tests/test_shops.py,Identifier'test_get_shop_items_with_availability_out_of_stock' exceeds the maximum length of 30 characters.
flask_app,flask_app.tests,test_shops,,Long identifier,test_get_shop_items_with_sorting_name,660,/Users/jashwanthnaidu/ASDC project/group01/flask_app/tests/test_shops.py,Identifier'test_get_shop_items_with_sorting_name' exceeds the maximum length of 30 characters.
flask_app,flask_app.tests,test_shops,,Long identifier,test_get_shop_items_with_sorting_price_asc,679,/Users/jashwanthnaidu/ASDC project/group01/flask_app/tests/test_shops.py,Identifier'test_get_shop_items_with_sorting_price_asc' exceeds the maximum length of 30 characters.
flask_app,flask_app.tests,test_shops,,Long identifier,test_get_shop_items_with_sorting_price_desc,698,/Users/jashwanthnaidu/ASDC project/group01/flask_app/tests/test_shops.py,Identifier'test_get_shop_items_with_sorting_price_desc' exceeds the maximum length of 30 characters.
flask_app,flask_app.tests,test_shops,,Long identifier,test_get_shop_items_with_multiple_filters,717,/Users/jashwanthnaidu/ASDC project/group01/flask_app/tests/test_shops.py,Identifier'test_get_shop_items_with_multiple_filters' exceeds the maximum length of 30 characters.
flask_app,flask_app.tests,test_shops,,Long identifier,test_get_shop_item_categories_empty,845,/Users/jashwanthnaidu/ASDC project/group01/flask_app/tests/test_shops.py,Identifier'test_get_shop_item_categories_empty' exceeds the maximum length of 30 characters.
flask_app,flask_app.tests,test_shops,,Long identifier,test_get_shop_item_categories_not_found,864,/Users/jashwanthnaidu/ASDC project/group01/flask_app/tests/test_shops.py,Identifier'test_get_shop_item_categories_not_found' exceeds the maximum length of 30 characters.
flask_app,flask_app.tests,test_shops,,Long statement,test_get_shops_list_all,12,/Users/jashwanthnaidu/ASDC project/group01/flask_app/tests/test_shops.py,A line with 332 chars in test_get_shops_list_all exceeds the maximum length of 120 characters.
flask_app,flask_app.tests,test_shops,,Long statement,test_get_shops_with_category_filter,55,/Users/jashwanthnaidu/ASDC project/group01/flask_app/tests/test_shops.py,A line with 147 chars in test_get_shops_with_category_filter exceeds the maximum length of 120 characters.
flask_app,flask_app.tests,test_shops,,Long statement,test_get_shops_with_open_now_filter_true,74,/Users/jashwanthnaidu/ASDC project/group01/flask_app/tests/test_shops.py,A line with 137 chars in test_get_shops_with_open_now_filter_true exceeds the maximum length of 120 characters.
flask_app,flask_app.tests,test_shops,,Long statement,test_get_shops_with_multiple_filters,196,/Users/jashwanthnaidu/ASDC project/group01/flask_app/tests/test_shops.py,A line with 133 chars in test_get_shops_with_multiple_filters exceeds the maximum length of 120 characters.
flask_app,flask_app.tests,test_shops,,Long statement,test_get_shop_items_with_multiple_filters,718,/Users/jashwanthnaidu/ASDC project/group01/flask_app/tests/test_shops.py,A line with 128 chars in test_get_shop_items_with_multiple_filters exceeds the maximum length of 120 characters.
flask_app,flask_app.tests,test_shops,,Long statement,test_get_shop_items_with_multiple_filters,737,/Users/jashwanthnaidu/ASDC project/group01/flask_app/tests/test_shops.py,A line with 134 chars in test_get_shop_items_with_multiple_filters exceeds the maximum length of 120 characters.
flask_app,flask_app.tests,test_shops,,Magic number,test_get_shops_list_all,42,/Users/jashwanthnaidu/ASDC project/group01/flask_app/tests/test_shops.py,Magic number 200 used in test_get_shops_list_all.
flask_app,flask_app.tests,test_shops,,Magic number,test_get_shops_with_category_filter,65,/Users/jashwanthnaidu/ASDC project/group01/flask_app/tests/test_shops.py,Magic number 200 used in test_get_shops_with_category_filter.
flask_app,flask_app.tests,test_shops,,Magic number,test_get_shops_with_open_now_filter_true,84,/Users/jashwanthnaidu/ASDC project/group01/flask_app/tests/test_shops.py,Magic number 200 used in test_get_shops_with_open_now_filter_true.
flask_app,flask_app.tests,test_shops,,Magic number,test_get_shops_with_open_now_filter_false,101,/Users/jashwanthnaidu/ASDC project/group01/flask_app/tests/test_shops.py,Magic number 200 used in test_get_shops_with_open_now_filter_false.
flask_app,flask_app.tests,test_shops,,Magic number,test_get_shops_with_sorting_name,118,/Users/jashwanthnaidu/ASDC project/group01/flask_app/tests/test_shops.py,Magic number 200 used in test_get_shops_with_sorting_name.
flask_app,flask_app.tests,test_shops,,Magic number,test_get_shops_with_sorting_status,135,/Users/jashwanthnaidu/ASDC project/group01/flask_app/tests/test_shops.py,Magic number 200 used in test_get_shops_with_sorting_status.
flask_app,flask_app.tests,test_shops,,Magic number,test_get_shops_with_sorting_gate,152,/Users/jashwanthnaidu/ASDC project/group01/flask_app/tests/test_shops.py,Magic number 200 used in test_get_shops_with_sorting_gate.
flask_app,flask_app.tests,test_shops,,Magic number,test_get_shops_with_terminal_filter,169,/Users/jashwanthnaidu/ASDC project/group01/flask_app/tests/test_shops.py,Magic number 200 used in test_get_shops_with_terminal_filter.
flask_app,flask_app.tests,test_shops,,Magic number,test_get_shops_with_gate_filter,186,/Users/jashwanthnaidu/ASDC project/group01/flask_app/tests/test_shops.py,Magic number 200 used in test_get_shops_with_gate_filter.
flask_app,flask_app.tests,test_shops,,Magic number,test_get_shops_with_multiple_filters,206,/Users/jashwanthnaidu/ASDC project/group01/flask_app/tests/test_shops.py,Magic number 200 used in test_get_shops_with_multiple_filters.
flask_app,flask_app.tests,test_shops,,Magic number,test_get_shop_by_id_success,246,/Users/jashwanthnaidu/ASDC project/group01/flask_app/tests/test_shops.py,Magic number 200 used in test_get_shop_by_id_success.
flask_app,flask_app.tests,test_shops,,Magic number,test_get_shop_by_id_not_found,265,/Users/jashwanthnaidu/ASDC project/group01/flask_app/tests/test_shops.py,Magic number 404 used in test_get_shop_by_id_not_found.
flask_app,flask_app.tests,test_shops,,Magic number,test_get_shop_by_id_not_found,258,/Users/jashwanthnaidu/ASDC project/group01/flask_app/tests/test_shops.py,Magic number 999 used in test_get_shop_by_id_not_found.
flask_app,flask_app.tests,test_shops,,Magic number,test_get_shop_by_id_invalid_id,273,/Users/jashwanthnaidu/ASDC project/group01/flask_app/tests/test_shops.py,Magic number 404 used in test_get_shop_by_id_invalid_id.
flask_app,flask_app.tests,test_shops,,Magic number,test_get_shop_hours_success,301,/Users/jashwanthnaidu/ASDC project/group01/flask_app/tests/test_shops.py,Magic number 200 used in test_get_shop_hours_success.
flask_app,flask_app.tests,test_shops,,Magic number,test_get_shop_hours_not_found,319,/Users/jashwanthnaidu/ASDC project/group01/flask_app/tests/test_shops.py,Magic number 404 used in test_get_shop_hours_not_found.
flask_app,flask_app.tests,test_shops,,Magic number,test_get_shop_hours_not_found,312,/Users/jashwanthnaidu/ASDC project/group01/flask_app/tests/test_shops.py,Magic number 999 used in test_get_shop_hours_not_found.
flask_app,flask_app.tests,test_shops,,Magic number,test_get_shop_categories,340,/Users/jashwanthnaidu/ASDC project/group01/flask_app/tests/test_shops.py,Magic number 200 used in test_get_shop_categories.
flask_app,flask_app.tests,test_shops,,Magic number,test_get_shop_categories,343,/Users/jashwanthnaidu/ASDC project/group01/flask_app/tests/test_shops.py,Magic number 3 used in test_get_shop_categories.
flask_app,flask_app.tests,test_shops,,Magic number,test_get_shop_categories,345,/Users/jashwanthnaidu/ASDC project/group01/flask_app/tests/test_shops.py,Magic number 15 used in test_get_shop_categories.
flask_app,flask_app.tests,test_shops,,Magic number,test_get_shop_categories,327,/Users/jashwanthnaidu/ASDC project/group01/flask_app/tests/test_shops.py,Magic number 15 used in test_get_shop_categories.
flask_app,flask_app.tests,test_shops,,Magic number,test_get_shop_categories,328,/Users/jashwanthnaidu/ASDC project/group01/flask_app/tests/test_shops.py,Magic number 12 used in test_get_shop_categories.
flask_app,flask_app.tests,test_shops,,Magic number,test_get_shop_categories,329,/Users/jashwanthnaidu/ASDC project/group01/flask_app/tests/test_shops.py,Magic number 8 used in test_get_shop_categories.
flask_app,flask_app.tests,test_shops,,Magic number,test_get_shop_categories_empty,357,/Users/jashwanthnaidu/ASDC project/group01/flask_app/tests/test_shops.py,Magic number 200 used in test_get_shop_categories_empty.
flask_app,flask_app.tests,test_shops,,Magic number,test_get_shop_catalog_success,391,/Users/jashwanthnaidu/ASDC project/group01/flask_app/tests/test_shops.py,Magic number 200 used in test_get_shop_catalog_success.
flask_app,flask_app.tests,test_shops,,Magic number,test_get_shop_catalog_success,375,/Users/jashwanthnaidu/ASDC project/group01/flask_app/tests/test_shops.py,Magic number 2.49 used in test_get_shop_catalog_success.
flask_app,flask_app.tests,test_shops,,Magic number,test_get_shop_catalog_default_include_items,413,/Users/jashwanthnaidu/ASDC project/group01/flask_app/tests/test_shops.py,Magic number 200 used in test_get_shop_catalog_default_include_items.
flask_app,flask_app.tests,test_shops,,Magic number,test_get_shop_catalog_without_items,431,/Users/jashwanthnaidu/ASDC project/group01/flask_app/tests/test_shops.py,Magic number 200 used in test_get_shop_catalog_without_items.
flask_app,flask_app.tests,test_shops,,Magic number,test_get_shop_catalog_not_found,444,/Users/jashwanthnaidu/ASDC project/group01/flask_app/tests/test_shops.py,Magic number 404 used in test_get_shop_catalog_not_found.
flask_app,flask_app.tests,test_shops,,Magic number,test_get_shop_catalog_not_found,437,/Users/jashwanthnaidu/ASDC project/group01/flask_app/tests/test_shops.py,Magic number 999 used in test_get_shop_catalog_not_found.
flask_app,flask_app.tests,test_shops,,Magic number,test_get_shop_items_success,472,/Users/jashwanthnaidu/ASDC project/group01/flask_app/tests/test_shops.py,Magic number 200 used in test_get_shop_items_success.
flask_app,flask_app.tests,test_shops,,Magic number,test_get_shop_items_success,457,/Users/jashwanthnaidu/ASDC project/group01/flask_app/tests/test_shops.py,Magic number 2.49 used in test_get_shop_items_success.
flask_app,flask_app.tests,test_shops,,Magic number,test_get_shop_items_with_search,495,/Users/jashwanthnaidu/ASDC project/group01/flask_app/tests/test_shops.py,Magic number 200 used in test_get_shop_items_with_search.
flask_app,flask_app.tests,test_shops,,Magic number,test_get_shop_items_with_category_id,514,/Users/jashwanthnaidu/ASDC project/group01/flask_app/tests/test_shops.py,Magic number 200 used in test_get_shop_items_with_category_id.
flask_app,flask_app.tests,test_shops,,Magic number,test_get_shop_items_with_min_price,533,/Users/jashwanthnaidu/ASDC project/group01/flask_app/tests/test_shops.py,Magic number 200 used in test_get_shop_items_with_min_price.
flask_app,flask_app.tests,test_shops,,Magic number,test_get_shop_items_with_min_price,522,/Users/jashwanthnaidu/ASDC project/group01/flask_app/tests/test_shops.py,Magic number 2.0 used in test_get_shop_items_with_min_price.
flask_app,flask_app.tests,test_shops,,Magic number,test_get_shop_items_with_max_price,552,/Users/jashwanthnaidu/ASDC project/group01/flask_app/tests/test_shops.py,Magic number 200 used in test_get_shop_items_with_max_price.
flask_app,flask_app.tests,test_shops,,Magic number,test_get_shop_items_with_max_price,541,/Users/jashwanthnaidu/ASDC project/group01/flask_app/tests/test_shops.py,Magic number 5.0 used in test_get_shop_items_with_max_price.
flask_app,flask_app.tests,test_shops,,Magic number,test_get_shop_items_with_price_range,572,/Users/jashwanthnaidu/ASDC project/group01/flask_app/tests/test_shops.py,Magic number 200 used in test_get_shop_items_with_price_range.
flask_app,flask_app.tests,test_shops,,Magic number,test_get_shop_items_with_price_range,560,/Users/jashwanthnaidu/ASDC project/group01/flask_app/tests/test_shops.py,Magic number 2.0 used in test_get_shop_items_with_price_range.
flask_app,flask_app.tests,test_shops,,Magic number,test_get_shop_items_with_price_range,561,/Users/jashwanthnaidu/ASDC project/group01/flask_app/tests/test_shops.py,Magic number 5.0 used in test_get_shop_items_with_price_range.
flask_app,flask_app.tests,test_shops,,Magic number,test_get_shop_items_invalid_price_range,578,/Users/jashwanthnaidu/ASDC project/group01/flask_app/tests/test_shops.py,Magic number 400 used in test_get_shop_items_invalid_price_range.
flask_app,flask_app.tests,test_shops,,Magic number,test_get_shop_items_invalid_price_range_equal,600,/Users/jashwanthnaidu/ASDC project/group01/flask_app/tests/test_shops.py,Magic number 200 used in test_get_shop_items_invalid_price_range_equal.
flask_app,flask_app.tests,test_shops,,Magic number,test_get_shop_items_invalid_price_range_equal,588,/Users/jashwanthnaidu/ASDC project/group01/flask_app/tests/test_shops.py,Magic number 5.0 used in test_get_shop_items_invalid_price_range_equal.
flask_app,flask_app.tests,test_shops,,Magic number,test_get_shop_items_invalid_price_range_equal,589,/Users/jashwanthnaidu/ASDC project/group01/flask_app/tests/test_shops.py,Magic number 5.0 used in test_get_shop_items_invalid_price_range_equal.
flask_app,flask_app.tests,test_shops,,Magic number,test_get_shop_items_with_availability_in_stock,619,/Users/jashwanthnaidu/ASDC project/group01/flask_app/tests/test_shops.py,Magic number 200 used in test_get_shop_items_with_availability_in_stock.
flask_app,flask_app.tests,test_shops,,Magic number,test_get_shop_items_with_availability_low_stock,638,/Users/jashwanthnaidu/ASDC project/group01/flask_app/tests/test_shops.py,Magic number 200 used in test_get_shop_items_with_availability_low_stock.
flask_app,flask_app.tests,test_shops,,Magic number,test_get_shop_items_with_availability_out_of_stock,657,/Users/jashwanthnaidu/ASDC project/group01/flask_app/tests/test_shops.py,Magic number 200 used in test_get_shop_items_with_availability_out_of_stock.
flask_app,flask_app.tests,test_shops,,Magic number,test_get_shop_items_with_sorting_name,676,/Users/jashwanthnaidu/ASDC project/group01/flask_app/tests/test_shops.py,Magic number 200 used in test_get_shop_items_with_sorting_name.
flask_app,flask_app.tests,test_shops,,Magic number,test_get_shop_items_with_sorting_price_asc,695,/Users/jashwanthnaidu/ASDC project/group01/flask_app/tests/test_shops.py,Magic number 200 used in test_get_shop_items_with_sorting_price_asc.
flask_app,flask_app.tests,test_shops,,Magic number,test_get_shop_items_with_sorting_price_desc,714,/Users/jashwanthnaidu/ASDC project/group01/flask_app/tests/test_shops.py,Magic number 200 used in test_get_shop_items_with_sorting_price_desc.
flask_app,flask_app.tests,test_shops,,Magic number,test_get_shop_items_with_multiple_filters,738,/Users/jashwanthnaidu/ASDC project/group01/flask_app/tests/test_shops.py,Magic number 200 used in test_get_shop_items_with_multiple_filters.
flask_app,flask_app.tests,test_shops,,Magic number,test_get_shop_items_with_multiple_filters,724,/Users/jashwanthnaidu/ASDC project/group01/flask_app/tests/test_shops.py,Magic number 2.0 used in test_get_shop_items_with_multiple_filters.
flask_app,flask_app.tests,test_shops,,Magic number,test_get_shop_items_with_multiple_filters,725,/Users/jashwanthnaidu/ASDC project/group01/flask_app/tests/test_shops.py,Magic number 5.0 used in test_get_shop_items_with_multiple_filters.
flask_app,flask_app.tests,test_shops,,Magic number,test_get_shop_items_not_found,752,/Users/jashwanthnaidu/ASDC project/group01/flask_app/tests/test_shops.py,Magic number 404 used in test_get_shop_items_not_found.
flask_app,flask_app.tests,test_shops,,Magic number,test_get_shop_items_not_found,745,/Users/jashwanthnaidu/ASDC project/group01/flask_app/tests/test_shops.py,Magic number 999 used in test_get_shop_items_not_found.
flask_app,flask_app.tests,test_shops,,Magic number,test_get_item_by_id_success,761,/Users/jashwanthnaidu/ASDC project/group01/flask_app/tests/test_shops.py,Magic number 2.49 used in test_get_item_by_id_success.
flask_app,flask_app.tests,test_shops,,Magic number,test_get_item_by_id_success,788,/Users/jashwanthnaidu/ASDC project/group01/flask_app/tests/test_shops.py,Magic number 200 used in test_get_item_by_id_success.
flask_app,flask_app.tests,test_shops,,Magic number,test_get_item_by_id_success,794,/Users/jashwanthnaidu/ASDC project/group01/flask_app/tests/test_shops.py,Magic number 2 used in test_get_item_by_id_success.
flask_app,flask_app.tests,test_shops,,Magic number,test_get_item_by_id_success,768,/Users/jashwanthnaidu/ASDC project/group01/flask_app/tests/test_shops.py,Magic number 2.49 used in test_get_item_by_id_success.
flask_app,flask_app.tests,test_shops,,Magic number,test_get_item_by_id_success,774,/Users/jashwanthnaidu/ASDC project/group01/flask_app/tests/test_shops.py,Magic number 3.49 used in test_get_item_by_id_success.
flask_app,flask_app.tests,test_shops,,Magic number,test_get_item_by_id_not_found,807,/Users/jashwanthnaidu/ASDC project/group01/flask_app/tests/test_shops.py,Magic number 404 used in test_get_item_by_id_not_found.
flask_app,flask_app.tests,test_shops,,Magic number,test_get_item_by_id_not_found,800,/Users/jashwanthnaidu/ASDC project/group01/flask_app/tests/test_shops.py,Magic number 999 used in test_get_item_by_id_not_found.
flask_app,flask_app.tests,test_shops,,Magic number,test_get_item_by_id_invalid_id,814,/Users/jashwanthnaidu/ASDC project/group01/flask_app/tests/test_shops.py,Magic number 404 used in test_get_item_by_id_invalid_id.
flask_app,flask_app.tests,test_shops,,Magic number,test_get_shop_item_categories,837,/Users/jashwanthnaidu/ASDC project/group01/flask_app/tests/test_shops.py,Magic number 200 used in test_get_shop_item_categories.
flask_app,flask_app.tests,test_shops,,Magic number,test_get_shop_item_categories,841,/Users/jashwanthnaidu/ASDC project/group01/flask_app/tests/test_shops.py,Magic number 3 used in test_get_shop_item_categories.
flask_app,flask_app.tests,test_shops,,Magic number,test_get_shop_item_categories,823,/Users/jashwanthnaidu/ASDC project/group01/flask_app/tests/test_shops.py,Magic number 10 used in test_get_shop_item_categories.
flask_app,flask_app.tests,test_shops,,Magic number,test_get_shop_item_categories,824,/Users/jashwanthnaidu/ASDC project/group01/flask_app/tests/test_shops.py,Magic number 2 used in test_get_shop_item_categories.
flask_app,flask_app.tests,test_shops,,Magic number,test_get_shop_item_categories,824,/Users/jashwanthnaidu/ASDC project/group01/flask_app/tests/test_shops.py,Magic number 5 used in test_get_shop_item_categories.
flask_app,flask_app.tests,test_shops,,Magic number,test_get_shop_item_categories,825,/Users/jashwanthnaidu/ASDC project/group01/flask_app/tests/test_shops.py,Magic number 3 used in test_get_shop_item_categories.
flask_app,flask_app.tests,test_shops,,Magic number,test_get_shop_item_categories,825,/Users/jashwanthnaidu/ASDC project/group01/flask_app/tests/test_shops.py,Magic number 8 used in test_get_shop_item_categories.
flask_app,flask_app.tests,test_shops,,Magic number,test_get_shop_item_categories_empty,859,/Users/jashwanthnaidu/ASDC project/group01/flask_app/tests/test_shops.py,Magic number 200 used in test_get_shop_item_categories_empty.
flask_app,flask_app.tests,test_shops,,Magic number,test_get_shop_item_categories_not_found,874,/Users/jashwanthnaidu/ASDC project/group01/flask_app/tests/test_shops.py,Magic number 404 used in test_get_shop_item_categories_not_found.
flask_app,flask_app.tests,test_shops,,Magic number,test_get_shop_item_categories_not_found,867,/Users/jashwanthnaidu/ASDC project/group01/flask_app/tests/test_shops.py,Magic number 999 used in test_get_shop_item_categories_not_found.
flask_app,flask_app.tests,test_integration,TestGetShops,Long statement,test_basic_listing,16,/Users/jashwanthnaidu/ASDC project/group01/flask_app/tests/test_integration.py,A line with 271 chars in test_basic_listing exceeds the maximum length of 120 characters.
flask_app,flask_app.tests,test_integration,TestGetShops,Long statement,test_category_filter,34,/Users/jashwanthnaidu/ASDC project/group01/flask_app/tests/test_integration.py,A line with 128 chars in test_category_filter exceeds the maximum length of 120 characters.
flask_app,flask_app.tests,test_integration,TestGetShops,Long statement,test_terminal_filter,49,/Users/jashwanthnaidu/ASDC project/group01/flask_app/tests/test_integration.py,A line with 124 chars in test_terminal_filter exceeds the maximum length of 120 characters.
flask_app,flask_app.tests,test_integration,TestGetShops,Long statement,test_status_sorting,94,/Users/jashwanthnaidu/ASDC project/group01/flask_app/tests/test_integration.py,A line with 192 chars in test_status_sorting exceeds the maximum length of 120 characters.
flask_app,flask_app.tests,test_integration,TestGetShopById,Long statement,test_found,169,/Users/jashwanthnaidu/ASDC project/group01/flask_app/tests/test_integration.py,A line with 125 chars in test_found exceeds the maximum length of 120 characters.
flask_app,flask_app.tests,test_integration,TestShopCatalog,Long statement,test_with_items,288,/Users/jashwanthnaidu/ASDC project/group01/flask_app/tests/test_integration.py,A line with 136 chars in test_with_items exceeds the maximum length of 120 characters.
flask_app,flask_app.tests,test_integration,TestShopItems,Long statement,test_with_variants,325,/Users/jashwanthnaidu/ASDC project/group01/flask_app/tests/test_integration.py,A line with 136 chars in test_with_variants exceeds the maximum length of 120 characters.
flask_app,flask_app.tests,test_integration,TestGetBookings,Long statement,test_with_data,510,/Users/jashwanthnaidu/ASDC project/group01/flask_app/tests/test_integration.py,A line with 206 chars in test_with_data exceeds the maximum length of 120 characters.
flask_app,flask_app.tests,test_integration,TestGetShops,Magic number,test_basic_listing,26,/Users/jashwanthnaidu/ASDC project/group01/flask_app/tests/test_integration.py,Magic number 2 used in test_basic_listing.
flask_app,flask_app.tests,test_integration,TestGetShops,Magic number,test_basic_listing,27,/Users/jashwanthnaidu/ASDC project/group01/flask_app/tests/test_integration.py,Magic number 2 used in test_basic_listing.
flask_app,flask_app.tests,test_integration,TestGetShops,Magic number,test_basic_listing,18,/Users/jashwanthnaidu/ASDC project/group01/flask_app/tests/test_integration.py,Magic number 2 used in test_basic_listing.
flask_app,flask_app.tests,test_integration,TestGetShops,Magic number,test_status_sorting,96,/Users/jashwanthnaidu/ASDC project/group01/flask_app/tests/test_integration.py,Magic number 2 used in test_status_sorting.
flask_app,flask_app.tests,test_integration,TestShopCategories,Magic number,test_list_all,257,/Users/jashwanthnaidu/ASDC project/group01/flask_app/tests/test_integration.py,Magic number 3 used in test_list_all.
flask_app,flask_app.tests,test_integration,TestShopCategories,Magic number,test_list_all,248,/Users/jashwanthnaidu/ASDC project/group01/flask_app/tests/test_integration.py,Magic number 3 used in test_list_all.
flask_app,flask_app.tests,test_integration,TestShopCategories,Magic number,test_list_all,249,/Users/jashwanthnaidu/ASDC project/group01/flask_app/tests/test_integration.py,Magic number 5 used in test_list_all.
flask_app,flask_app.tests,test_integration,TestShopCategories,Magic number,test_list_all,250,/Users/jashwanthnaidu/ASDC project/group01/flask_app/tests/test_integration.py,Magic number 2 used in test_list_all.
flask_app,flask_app.tests,test_integration,TestShopCatalog,Magic number,test_with_items,302,/Users/jashwanthnaidu/ASDC project/group01/flask_app/tests/test_integration.py,Magic number 2 used in test_with_items.
flask_app,flask_app.tests,test_integration,TestShopCatalog,Magic number,test_with_items,290,/Users/jashwanthnaidu/ASDC project/group01/flask_app/tests/test_integration.py,Magic number 2 used in test_with_items.
flask_app,flask_app.tests,test_integration,TestShopCatalog,Magic number,test_with_items,292,/Users/jashwanthnaidu/ASDC project/group01/flask_app/tests/test_integration.py,Magic number 2.99 used in test_with_items.
flask_app,flask_app.tests,test_integration,TestShopCatalog,Magic number,test_with_items,294,/Users/jashwanthnaidu/ASDC project/group01/flask_app/tests/test_integration.py,Magic number 2 used in test_with_items.
flask_app,flask_app.tests,test_integration,TestShopCatalog,Magic number,test_with_items,294,/Users/jashwanthnaidu/ASDC project/group01/flask_app/tests/test_integration.py,Magic number 1.99 used in test_with_items.
flask_app,flask_app.tests,test_integration,TestShopItems,Magic number,test_with_variants,327,/Users/jashwanthnaidu/ASDC project/group01/flask_app/tests/test_integration.py,Magic number 2.99 used in test_with_variants.
flask_app,flask_app.tests,test_integration,TestShopItems,Magic number,test_with_variants,327,/Users/jashwanthnaidu/ASDC project/group01/flask_app/tests/test_integration.py,Magic number 50 used in test_with_variants.
flask_app,flask_app.tests,test_integration,TestShopItems,Magic number,test_search,346,/Users/jashwanthnaidu/ASDC project/group01/flask_app/tests/test_integration.py,Magic number 2.99 used in test_search.
flask_app,flask_app.tests,test_integration,TestShopItems,Magic number,test_search,346,/Users/jashwanthnaidu/ASDC project/group01/flask_app/tests/test_integration.py,Magic number 50 used in test_search.
flask_app,flask_app.tests,test_integration,TestShopItems,Magic number,test_price_range,363,/Users/jashwanthnaidu/ASDC project/group01/flask_app/tests/test_integration.py,Magic number 2.99 used in test_price_range.
flask_app,flask_app.tests,test_integration,TestShopItems,Magic number,test_price_range,363,/Users/jashwanthnaidu/ASDC project/group01/flask_app/tests/test_integration.py,Magic number 50 used in test_price_range.
flask_app,flask_app.tests,test_integration,TestItemById,Magic number,test_basic_item,394,/Users/jashwanthnaidu/ASDC project/group01/flask_app/tests/test_integration.py,Magic number 2.99 used in test_basic_item.
flask_app,flask_app.tests,test_integration,TestItemById,Magic number,test_basic_item,402,/Users/jashwanthnaidu/ASDC project/group01/flask_app/tests/test_integration.py,Magic number 2.99 used in test_basic_item.
flask_app,flask_app.tests,test_integration,TestItemById,Magic number,test_item_with_sizes,409,/Users/jashwanthnaidu/ASDC project/group01/flask_app/tests/test_integration.py,Magic number 10 used in test_item_with_sizes.
flask_app,flask_app.tests,test_integration,TestItemById,Magic number,test_item_with_sizes,409,/Users/jashwanthnaidu/ASDC project/group01/flask_app/tests/test_integration.py,Magic number 89.99 used in test_item_with_sizes.
flask_app,flask_app.tests,test_integration,TestItemById,Magic number,test_item_with_sizes,421,/Users/jashwanthnaidu/ASDC project/group01/flask_app/tests/test_integration.py,Magic number 3 used in test_item_with_sizes.
flask_app,flask_app.tests,test_integration,TestItemById,Magic number,test_item_with_sizes,414,/Users/jashwanthnaidu/ASDC project/group01/flask_app/tests/test_integration.py,Magic number 85.0 used in test_item_with_sizes.
flask_app,flask_app.tests,test_integration,TestItemById,Magic number,test_item_with_sizes,412,/Users/jashwanthnaidu/ASDC project/group01/flask_app/tests/test_integration.py,Magic number 45.0 used in test_item_with_sizes.
flask_app,flask_app.tests,test_integration,TestItemCategories,Magic number,test_valid_shop,452,/Users/jashwanthnaidu/ASDC project/group01/flask_app/tests/test_integration.py,Magic number 2 used in test_valid_shop.
flask_app,flask_app.tests,test_integration,TestItemCategories,Magic number,test_valid_shop,446,/Users/jashwanthnaidu/ASDC project/group01/flask_app/tests/test_integration.py,Magic number 5 used in test_valid_shop.
flask_app,flask_app.tests,test_integration,TestItemCategories,Magic number,test_valid_shop,446,/Users/jashwanthnaidu/ASDC project/group01/flask_app/tests/test_integration.py,Magic number 2 used in test_valid_shop.
flask_app,flask_app.tests,test_integration,TestItemCategories,Magic number,test_valid_shop,446,/Users/jashwanthnaidu/ASDC project/group01/flask_app/tests/test_integration.py,Magic number 8 used in test_valid_shop.
flask_app,flask_app.tests,test_integration,TestPickupCodes,Magic number,test_length,461,/Users/jashwanthnaidu/ASDC project/group01/flask_app/tests/test_integration.py,Magic number 6 used in test_length.
flask_app,flask_app.tests,test_integration,TestPickupCodes,Magic number,test_uniqueness,474,/Users/jashwanthnaidu/ASDC project/group01/flask_app/tests/test_integration.py,Magic number 45 used in test_uniqueness.
flask_app,flask_app.tests,test_integration,TestPickupCodes,Magic number,test_db_check,484,/Users/jashwanthnaidu/ASDC project/group01/flask_app/tests/test_integration.py,Magic number 6 used in test_db_check.
flask_app,flask_app.tests,test_integration,TestGetBookings,Magic number,test_with_data,511,/Users/jashwanthnaidu/ASDC project/group01/flask_app/tests/test_integration.py,Magic number 2 used in test_with_data.
flask_app,flask_app.tests,test_integration,TestGetBookings,Magic number,test_with_data,511,/Users/jashwanthnaidu/ASDC project/group01/flask_app/tests/test_integration.py,Magic number 5.98 used in test_with_data.
flask_app,flask_app.tests,test_integration,TestGetBookings,Magic number,test_with_data,513,/Users/jashwanthnaidu/ASDC project/group01/flask_app/tests/test_integration.py,Magic number 2.99 used in test_with_data.
flask_app,flask_app.tests,test_integration,TestGetBookings,Magic number,test_with_data,513,/Users/jashwanthnaidu/ASDC project/group01/flask_app/tests/test_integration.py,Magic number 50 used in test_with_data.
flask_app,flask_app.tests,test_integration,TestCreateBooking,Magic number,test_success,533,/Users/jashwanthnaidu/ASDC project/group01/flask_app/tests/test_integration.py,Magic number 2.99 used in test_success.
flask_app,flask_app.tests,test_integration,TestCreateBooking,Magic number,test_success,533,/Users/jashwanthnaidu/ASDC project/group01/flask_app/tests/test_integration.py,Magic number 50 used in test_success.
flask_app,flask_app.tests,test_integration,TestCreateBooking,Magic number,test_out_of_stock,562,/Users/jashwanthnaidu/ASDC project/group01/flask_app/tests/test_integration.py,Magic number 2.99 used in test_out_of_stock.
flask_app,flask_app.tests,test_integration,TestCancelBooking,Magic number,test_success,579,/Users/jashwanthnaidu/ASDC project/group01/flask_app/tests/test_integration.py,Magic number 2 used in test_success.
flask_app,flask_app.tests,test_integration,TestCancelBooking,Magic number,test_success,580,/Users/jashwanthnaidu/ASDC project/group01/flask_app/tests/test_integration.py,Magic number 48 used in test_success.
flask_app,flask_app.tests,test_integration,TestCancelBooking,Magic number,test_wrong_user,607,/Users/jashwanthnaidu/ASDC project/group01/flask_app/tests/test_integration.py,Magic number 2 used in test_wrong_user.
flask_app,flask_app.tests,test_integration,TestCancelBooking,Magic number,test_already_cancelled,620,/Users/jashwanthnaidu/ASDC project/group01/flask_app/tests/test_integration.py,Magic number 2 used in test_already_cancelled.
flask_app,flask_app.tests,test_integration,TestExpireBookings,Magic number,test_expires_old,637,/Users/jashwanthnaidu/ASDC project/group01/flask_app/tests/test_integration.py,Magic number 48 used in test_expires_old.
flask_app,flask_app.tests,test_integration,TestExpireBookings,Magic number,test_expires_old,636,/Users/jashwanthnaidu/ASDC project/group01/flask_app/tests/test_integration.py,Magic number 2 used in test_expires_old.
flask_app,flask_app.tests,test_integration,TestReservationExpiry,Magic number,test_24hr_window,665,/Users/jashwanthnaidu/ASDC project/group01/flask_app/tests/test_integration.py,Magic number 86400 used in test_24hr_window.
flask_app,flask_app.tests,test_integration,TestStockManagement,Magic number,test_decrease_on_order,683,/Users/jashwanthnaidu/ASDC project/group01/flask_app/tests/test_integration.py,Magic number 10 used in test_decrease_on_order.
flask_app,flask_app.tests,test_integration,TestStockManagement,Magic number,test_decrease_on_order,684,/Users/jashwanthnaidu/ASDC project/group01/flask_app/tests/test_integration.py,Magic number 7 used in test_decrease_on_order.
flask_app,flask_app.tests,test_integration,TestStockManagement,Magic number,test_decrease_on_order,684,/Users/jashwanthnaidu/ASDC project/group01/flask_app/tests/test_integration.py,Magic number 3 used in test_decrease_on_order.
flask_app,flask_app.tests,test_integration,TestStockManagement,Magic number,test_restore_on_cancel,687,/Users/jashwanthnaidu/ASDC project/group01/flask_app/tests/test_integration.py,Magic number 7 used in test_restore_on_cancel.
flask_app,flask_app.tests,test_integration,TestStockManagement,Magic number,test_restore_on_cancel,688,/Users/jashwanthnaidu/ASDC project/group01/flask_app/tests/test_integration.py,Magic number 10 used in test_restore_on_cancel.
flask_app,flask_app.tests,test_integration,TestStockManagement,Magic number,test_restore_on_cancel,688,/Users/jashwanthnaidu/ASDC project/group01/flask_app/tests/test_integration.py,Magic number 3 used in test_restore_on_cancel.
flask_app,flask_app.tests,test_integration,TestStockManagement,Magic number,test_reject_if_insufficient,691,/Users/jashwanthnaidu/ASDC project/group01/flask_app/tests/test_integration.py,Magic number 2 used in test_reject_if_insufficient.
flask_app,flask_app.tests,test_integration,TestStockManagement,Magic number,test_reject_if_insufficient,692,/Users/jashwanthnaidu/ASDC project/group01/flask_app/tests/test_integration.py,Magic number 5 used in test_reject_if_insufficient.
flask_app,flask_app.tests,test_integration,TestStockManagement,Magic number,test_cumulative_orders,696,/Users/jashwanthnaidu/ASDC project/group01/flask_app/tests/test_integration.py,Magic number 20 used in test_cumulative_orders.
flask_app,flask_app.tests,test_integration,TestStockManagement,Magic number,test_cumulative_orders,697,/Users/jashwanthnaidu/ASDC project/group01/flask_app/tests/test_integration.py,Magic number 5 used in test_cumulative_orders.
flask_app,flask_app.tests,test_integration,TestStockManagement,Magic number,test_cumulative_orders,698,/Users/jashwanthnaidu/ASDC project/group01/flask_app/tests/test_integration.py,Magic number 3 used in test_cumulative_orders.
flask_app,flask_app.tests,test_integration,TestStockManagement,Magic number,test_cumulative_orders,699,/Users/jashwanthnaidu/ASDC project/group01/flask_app/tests/test_integration.py,Magic number 7 used in test_cumulative_orders.
flask_app,flask_app.tests,test_integration,TestStockManagement,Magic number,test_cumulative_orders,700,/Users/jashwanthnaidu/ASDC project/group01/flask_app/tests/test_integration.py,Magic number 5 used in test_cumulative_orders.
flask_app,flask_app.helper,helper_cron_jobs,,Complex method,check_departure_reminders,35 - 126,/Users/jashwanthnaidu/ASDC project/group01/flask_app/helper/helper_cron_jobs.py,"Method 'check_departure_reminders' has a cyclomatic complexity of 18, exceeding the max of 6."
flask_app,flask_app.helper,helper_cron_jobs,,Complex method,check_flight_updates,129 - 231,/Users/jashwanthnaidu/ASDC project/group01/flask_app/helper/helper_cron_jobs.py,"Method 'check_flight_updates' has a cyclomatic complexity of 26, exceeding the max of 6."
flask_app,flask_app.helper,helper_cron_jobs,,Long method,check_departure_reminders,35 - 126,/Users/jashwanthnaidu/ASDC project/group01/flask_app/helper/helper_cron_jobs.py,Method 'check_departure_reminders' is too long (88 lines).
flask_app,flask_app.helper,helper_cron_jobs,,Long method,check_flight_updates,129 - 231,/Users/jashwanthnaidu/ASDC project/group01/flask_app/helper/helper_cron_jobs.py,Method 'check_flight_updates' is too long (100 lines).
flask_app,flask_app.helper,helper_cron_jobs,,Long statement,get_db_connection,25,/Users/jashwanthnaidu/ASDC project/group01/flask_app/helper/helper_cron_jobs.py,A line with 236 chars in get_db_connection exceeds the maximum length of 120 characters.
flask_app,flask_app.helper,helper_cron_jobs,,Long statement,check_departure_reminders,36,/Users/jashwanthnaidu/ASDC project/group01/flask_app/helper/helper_cron_jobs.py,A line with 238 chars in check_departure_reminders exceeds the maximum length of 120 characters.
flask_app,flask_app.helper,helper_cron_jobs,,Long statement,check_departure_reminders,54,/Users/jashwanthnaidu/ASDC project/group01/flask_app/helper/helper_cron_jobs.py,A line with 409 chars in check_departure_reminders exceeds the maximum length of 120 characters.
flask_app,flask_app.helper,helper_cron_jobs,,Long statement,check_departure_reminders,91,/Users/jashwanthnaidu/ASDC project/group01/flask_app/helper/helper_cron_jobs.py,A line with 201 chars in check_departure_reminders exceeds the maximum length of 120 characters.
flask_app,flask_app.helper,helper_cron_jobs,,Long statement,check_flight_updates,130,/Users/jashwanthnaidu/ASDC project/group01/flask_app/helper/helper_cron_jobs.py,A line with 150 chars in check_flight_updates exceeds the maximum length of 120 characters.
flask_app,flask_app.helper,helper_cron_jobs,,Long statement,check_flight_updates,141,/Users/jashwanthnaidu/ASDC project/group01/flask_app/helper/helper_cron_jobs.py,A line with 285 chars in check_flight_updates exceeds the maximum length of 120 characters.
flask_app,flask_app.helper,helper_cron_jobs,,Long statement,start_background_jobs,246,/Users/jashwanthnaidu/ASDC project/group01/flask_app/helper/helper_cron_jobs.py,A line with 163 chars in start_background_jobs exceeds the maximum length of 120 characters.
flask_app,flask_app.helper,helper_cron_jobs,,Long statement,start_background_jobs,256,/Users/jashwanthnaidu/ASDC project/group01/flask_app/helper/helper_cron_jobs.py,A line with 148 chars in start_background_jobs exceeds the maximum length of 120 characters.
flask_app,flask_app.helper,helper_cron_jobs,,Magic number,check_departure_reminders,75,/Users/jashwanthnaidu/ASDC project/group01/flask_app/helper/helper_cron_jobs.py,Magic number 29 used in check_departure_reminders.
flask_app,flask_app.helper,helper_cron_jobs,,Magic number,check_departure_reminders,75,/Users/jashwanthnaidu/ASDC project/group01/flask_app/helper/helper_cron_jobs.py,Magic number 31 used in check_departure_reminders.
flask_app,flask_app.helper,helper_cron_jobs,,Magic number,check_departure_reminders,76,/Users/jashwanthnaidu/ASDC project/group01/flask_app/helper/helper_cron_jobs.py,Magic number 30 used in check_departure_reminders.
flask_app,flask_app.helper,helper_cron_jobs,,Magic number,check_departure_reminders,77,/Users/jashwanthnaidu/ASDC project/group01/flask_app/helper/helper_cron_jobs.py,Magic number 14 used in check_departure_reminders.
flask_app,flask_app.helper,helper_cron_jobs,,Magic number,check_departure_reminders,77,/Users/jashwanthnaidu/ASDC project/group01/flask_app/helper/helper_cron_jobs.py,Magic number 16 used in check_departure_reminders.
flask_app,flask_app.helper,helper_cron_jobs,,Magic number,check_departure_reminders,78,/Users/jashwanthnaidu/ASDC project/group01/flask_app/helper/helper_cron_jobs.py,Magic number 15 used in check_departure_reminders.
flask_app,flask_app.helper,helper_cron_jobs,,Magic number,check_departure_reminders,79,/Users/jashwanthnaidu/ASDC project/group01/flask_app/helper/helper_cron_jobs.py,Magic number 4 used in check_departure_reminders.
flask_app,flask_app.helper,helper_cron_jobs,,Magic number,check_departure_reminders,79,/Users/jashwanthnaidu/ASDC project/group01/flask_app/helper/helper_cron_jobs.py,Magic number 6 used in check_departure_reminders.
flask_app,flask_app.helper,helper_cron_jobs,,Magic number,check_departure_reminders,80,/Users/jashwanthnaidu/ASDC project/group01/flask_app/helper/helper_cron_jobs.py,Magic number 5 used in check_departure_reminders.
flask_app,flask_app.helper,helper_cron_jobs,,Magic number,check_departure_reminders,101,/Users/jashwanthnaidu/ASDC project/group01/flask_app/helper/helper_cron_jobs.py,Magic number 30 used in check_departure_reminders.
flask_app,flask_app.helper,helper_cron_jobs,,Magic number,check_departure_reminders,118,/Users/jashwanthnaidu/ASDC project/group01/flask_app/helper/helper_cron_jobs.py,Magic number 5 used in check_departure_reminders.
flask_app,flask_app.helper,helper_cron_jobs,,Magic number,check_departure_reminders,103,/Users/jashwanthnaidu/ASDC project/group01/flask_app/helper/helper_cron_jobs.py,Magic number 15 used in check_departure_reminders.
flask_app,flask_app.helper,helper_firebase_notification,,Complex method,notify_subscribers,100 - 223,/Users/jashwanthnaidu/ASDC project/group01/flask_app/helper/helper_firebase_notification.py,"Method 'notify_subscribers' has a cyclomatic complexity of 22, exceeding the max of 6."
flask_app,flask_app.helper,helper_firebase_notification,,Long method,notify_subscribers,100 - 223,/Users/jashwanthnaidu/ASDC project/group01/flask_app/helper/helper_firebase_notification.py,Method 'notify_subscribers' is too long (111 lines).
flask_app,flask_app.helper,helper_firebase_notification,,Long statement,send_push,29,/Users/jashwanthnaidu/ASDC project/group01/flask_app/helper/helper_firebase_notification.py,A line with 154 chars in send_push exceeds the maximum length of 120 characters.
flask_app,flask_app.helper,helper_firebase_notification,,Long statement,_fetch_tokens_for_subscription,58,/Users/jashwanthnaidu/ASDC project/group01/flask_app/helper/helper_firebase_notification.py,A line with 139 chars in _fetch_tokens_for_subscription exceeds the maximum length of 120 characters.
flask_app,flask_app.helper,helper_firebase_notification,,Long statement,_fetch_tokens_for_subscription,73,/Users/jashwanthnaidu/ASDC project/group01/flask_app/helper/helper_firebase_notification.py,A line with 148 chars in _fetch_tokens_for_subscription exceeds the maximum length of 120 characters.
flask_app,flask_app.helper,helper_firebase_notification,,Long statement,notify_subscribers,101,/Users/jashwanthnaidu/ASDC project/group01/flask_app/helper/helper_firebase_notification.py,A line with 169 chars in notify_subscribers exceeds the maximum length of 120 characters.
flask_app,flask_app.helper,helper_firebase_notification,,Long statement,notify_subscribers,145,/Users/jashwanthnaidu/ASDC project/group01/flask_app/helper/helper_firebase_notification.py,A line with 168 chars in notify_subscribers exceeds the maximum length of 120 characters.
flask_app,flask_app.helper,helper_firebase_notification,,Long statement,notify_subscribers,155,/Users/jashwanthnaidu/ASDC project/group01/flask_app/helper/helper_firebase_notification.py,A line with 166 chars in notify_subscribers exceeds the maximum length of 120 characters.
flask_app,flask_app.helper,helper_firebase_notification,,Long statement,notify_subscribers,162,/Users/jashwanthnaidu/ASDC project/group01/flask_app/helper/helper_firebase_notification.py,A line with 140 chars in notify_subscribers exceeds the maximum length of 120 characters.
flask_app,flask_app.helper,helper_firebase_notification,,Long statement,notify_subscribers,170,/Users/jashwanthnaidu/ASDC project/group01/flask_app/helper/helper_firebase_notification.py,A line with 139 chars in notify_subscribers exceeds the maximum length of 120 characters.
flask_app,flask_app.helper,helper_firebase_notification,,Long statement,notify_subscribers,219,/Users/jashwanthnaidu/ASDC project/group01/flask_app/helper/helper_firebase_notification.py,A line with 124 chars in notify_subscribers exceeds the maximum length of 120 characters.
flask_app,flask_app.helper,helper_firebase_notification,,Magic number,notify_subscribers,140,/Users/jashwanthnaidu/ASDC project/group01/flask_app/helper/helper_firebase_notification.py,Magic number 500 used in notify_subscribers.
flask_app,flask_app.helper,helper_firebase_notification,,Magic number,notify_subscribers,189,/Users/jashwanthnaidu/ASDC project/group01/flask_app/helper/helper_firebase_notification.py,Magic number 100 used in notify_subscribers.
flask_app,flask_app.helper,helper_firebase_notification,,Magic number,notify_subscribers,205,/Users/jashwanthnaidu/ASDC project/group01/flask_app/helper/helper_firebase_notification.py,Magic number 200 used in notify_subscribers.
